cell_id,workload,iv_ms,duration_s,replicate,n_pairs,window,hop,hop_ratio,n_windows,apf_mean,apf_std,cv_workingset,f1_phase,cepstral_peak_idx,ceps_peak_snr_db,stat_pass_frac,coverage_ratio,traj_sha256,status
011407b9724c,sandbox_scanner_metadata,500,300,2,453,8,2,0.25,223,0.03899834066563621,0.0030049696432939547,,,451,8.364237159419439,0.9192825112107623,0.2,7b9e2d643b0053bb,ok
011407b9724c,sandbox_scanner_metadata,500,300,2,453,8,4,0.5,112,0.03899834066563621,0.0030049696432939547,,,451,8.364237159419439,0.9285714285714286,0.2,7b9e2d643b0053bb,ok
011407b9724c,sandbox_scanner_metadata,500,300,2,453,8,8,1.0,56,0.03899834066563621,0.0030049696432939547,,,451,8.364237159419439,0.9285714285714286,0.2,7b9e2d643b0053bb,ok
011407b9724c,sandbox_scanner_metadata,500,300,2,453,16,4,0.25,110,0.03899834066563621,0.0030049696432939547,,,451,8.364237159419439,0.9727272727272728,0.4,7b9e2d643b0053bb,ok
011407b9724c,sandbox_scanner_metadata,500,300,2,453,16,8,0.5,55,0.03899834066563621,0.0030049696432939547,,,451,8.364237159419439,0.9636363636363636,0.4,7b9e2d643b0053bb,ok
011407b9724c,sandbox_scanner_metadata,500,300,2,453,16,16,1.0,28,0.03899834066563621,0.0030049696432939547,,,451,8.364237159419439,0.9642857142857143,0.4,7b9e2d643b0053bb,ok
011407b9724c,sandbox_scanner_metadata,500,300,2,453,32,8,0.25,53,0.03899834066563621,0.0030049696432939547,,,451,8.364237159419439,0.9811320754716981,0.8,7b9e2d643b0053bb,ok
011407b9724c,sandbox_scanner_metadata,500,300,2,453,32,16,0.5,27,0.03899834066563621,0.0030049696432939547,,,451,8.364237159419439,0.9629629629629629,0.8,7b9e2d643b0053bb,ok
011407b9724c,sandbox_scanner_metadata,500,300,2,453,32,32,1.0,14,0.03899834066563621,0.0030049696432939547,,,451,8.364237159419439,0.9285714285714286,0.8,7b9e2d643b0053bb,ok
011407b9724c,sandbox_scanner_metadata,500,300,2,453,64,16,0.25,25,0.03899834066563621,0.0030049696432939547,,,451,8.364237159419439,1.0,1.6,7b9e2d643b0053bb,ok
011407b9724c,sandbox_scanner_metadata,500,300,2,453,64,32,0.5,13,0.03899834066563621,0.0030049696432939547,,,451,8.364237159419439,1.0,1.6,7b9e2d643b0053bb,ok
011407b9724c,sandbox_scanner_metadata,500,300,2,453,64,64,1.0,7,0.03899834066563621,0.0030049696432939547,,,451,8.364237159419439,1.0,1.6,7b9e2d643b0053bb,ok
0278aa01c5ba,app_hashtable_intensive_v2,500,300,2,490,8,2,0.25,242,0.15595580120475924,0.11693304420596845,0.7505494869542472,,486,13.493666463440885,1.0,0.13333333333333333,d870f3afb426f9f0,ok
0278aa01c5ba,app_hashtable_intensive_v2,500,300,2,490,8,4,0.5,121,0.15595580120475924,0.11693304420596845,0.7505494869542472,,486,13.493666463440885,1.0,0.13333333333333333,d870f3afb426f9f0,ok
0278aa01c5ba,app_hashtable_intensive_v2,500,300,2,490,8,8,1.0,61,0.15595580120475924,0.11693304420596845,0.7505494869542472,,486,13.493666463440885,1.0,0.13333333333333333,d870f3afb426f9f0,ok
0278aa01c5ba,app_hashtable_intensive_v2,500,300,2,490,16,4,0.25,119,0.15595580120475924,0.11693304420596845,0.7505494869542472,,486,13.493666463440885,1.0,0.26666666666666666,d870f3afb426f9f0,ok
0278aa01c5ba,app_hashtable_intensive_v2,500,300,2,490,16,8,0.5,60,0.15595580120475924,0.11693304420596845,0.7505494869542472,,486,13.493666463440885,1.0,0.26666666666666666,d870f3afb426f9f0,ok
0278aa01c5ba,app_hashtable_intensive_v2,500,300,2,490,16,16,1.0,30,0.15595580120475924,0.11693304420596845,0.7505494869542472,,486,13.493666463440885,1.0,0.26666666666666666,d870f3afb426f9f0,ok
0278aa01c5ba,app_hashtable_intensive_v2,500,300,2,490,32,8,0.25,58,0.15595580120475924,0.11693304420596845,0.7505494869542472,,486,13.493666463440885,1.0,0.5333333333333333,d870f3afb426f9f0,ok
0278aa01c5ba,app_hashtable_intensive_v2,500,300,2,490,32,16,0.5,29,0.15595580120475924,0.11693304420596845,0.7505494869542472,,486,13.493666463440885,1.0,0.5333333333333333,d870f3afb426f9f0,ok
0278aa01c5ba,app_hashtable_intensive_v2,500,300,2,490,32,32,1.0,15,0.15595580120475924,0.11693304420596845,0.7505494869542472,,486,13.493666463440885,1.0,0.5333333333333333,d870f3afb426f9f0,ok
0278aa01c5ba,app_hashtable_intensive_v2,500,300,2,490,64,16,0.25,27,0.15595580120475924,0.11693304420596845,0.7505494869542472,,486,13.493666463440885,1.0,1.0666666666666667,d870f3afb426f9f0,ok
0278aa01c5ba,app_hashtable_intensive_v2,500,300,2,490,64,32,0.5,14,0.15595580120475924,0.11693304420596845,0.7505494869542472,,486,13.493666463440885,1.0,1.0666666666666667,d870f3afb426f9f0,ok
0278aa01c5ba,app_hashtable_intensive_v2,500,300,2,490,64,64,1.0,7,0.15595580120475924,0.11693304420596845,0.7505494869542472,,486,13.493666463440885,1.0,1.0666666666666667,d870f3afb426f9f0,ok
0359369abb55,mem_writemag_sweep_v2,500,600,2,979,8,2,0.25,486,0.25065273016051937,0.002404595189063736,0.009598236638308359,,157,12.682307594195638,0.9876543209876543,0.13333333333333333,0cfec1d4e2a3286d,ok
0359369abb55,mem_writemag_sweep_v2,500,600,2,979,8,4,0.5,243,0.25065273016051937,0.002404595189063736,0.009598236638308359,,157,12.682307594195638,0.9876543209876543,0.13333333333333333,0cfec1d4e2a3286d,ok
0359369abb55,mem_writemag_sweep_v2,500,600,2,979,8,8,1.0,122,0.25065273016051937,0.002404595189063736,0.009598236638308359,,157,12.682307594195638,0.9836065573770492,0.13333333333333333,0cfec1d4e2a3286d,ok
0359369abb55,mem_writemag_sweep_v2,500,600,2,979,16,4,0.25,241,0.25065273016051937,0.002404595189063736,0.009598236638308359,,157,12.682307594195638,0.979253112033195,0.26666666666666666,0cfec1d4e2a3286d,ok
0359369abb55,mem_writemag_sweep_v2,500,600,2,979,16,8,0.5,121,0.25065273016051937,0.002404595189063736,0.009598236638308359,,157,12.682307594195638,0.9752066115702479,0.26666666666666666,0cfec1d4e2a3286d,ok
0359369abb55,mem_writemag_sweep_v2,500,600,2,979,16,16,1.0,61,0.25065273016051937,0.002404595189063736,0.009598236638308359,,157,12.682307594195638,0.9672131147540983,0.26666666666666666,0cfec1d4e2a3286d,ok
0359369abb55,mem_writemag_sweep_v2,500,600,2,979,32,8,0.25,119,0.25065273016051937,0.002404595189063736,0.009598236638308359,,157,12.682307594195638,1.0,0.5333333333333333,0cfec1d4e2a3286d,ok
0359369abb55,mem_writemag_sweep_v2,500,600,2,979,32,16,0.5,60,0.25065273016051937,0.002404595189063736,0.009598236638308359,,157,12.682307594195638,1.0,0.5333333333333333,0cfec1d4e2a3286d,ok
0359369abb55,mem_writemag_sweep_v2,500,600,2,979,32,32,1.0,30,0.25065273016051937,0.002404595189063736,0.009598236638308359,,157,12.682307594195638,1.0,0.5333333333333333,0cfec1d4e2a3286d,ok
0359369abb55,mem_writemag_sweep_v2,500,600,2,979,64,16,0.25,58,0.25065273016051937,0.002404595189063736,0.009598236638308359,,157,12.682307594195638,1.0,1.0666666666666667,0cfec1d4e2a3286d,ok
0359369abb55,mem_writemag_sweep_v2,500,600,2,979,64,32,0.5,29,0.25065273016051937,0.002404595189063736,0.009598236638308359,,157,12.682307594195638,1.0,1.0666666666666667,0cfec1d4e2a3286d,ok
0359369abb55,mem_writemag_sweep_v2,500,600,2,979,64,64,1.0,15,0.25065273016051937,0.002404595189063736,0.009598236638308359,,157,12.682307594195638,1.0,1.0666666666666667,0cfec1d4e2a3286d,ok
0729046a8e79,sandbox_ransom_batched,500,120,1,186,8,2,0.25,90,0.0076761963546917,0.0017540345367695336,,,170,7.106666170724462,0.9888888888888889,0.2,35953e6fb181387c,ok
0729046a8e79,sandbox_ransom_batched,500,120,1,186,8,4,0.5,45,0.0076761963546917,0.0017540345367695336,,,170,7.106666170724462,0.9777777777777777,0.2,35953e6fb181387c,ok
0729046a8e79,sandbox_ransom_batched,500,120,1,186,8,8,1.0,23,0.0076761963546917,0.0017540345367695336,,,170,7.106666170724462,0.9565217391304348,0.2,35953e6fb181387c,ok
0729046a8e79,sandbox_ransom_batched,500,120,1,186,16,4,0.25,43,0.0076761963546917,0.0017540345367695336,,,170,7.106666170724462,1.0,0.4,35953e6fb181387c,ok
0729046a8e79,sandbox_ransom_batched,500,120,1,186,16,8,0.5,22,0.0076761963546917,0.0017540345367695336,,,170,7.106666170724462,1.0,0.4,35953e6fb181387c,ok
0729046a8e79,sandbox_ransom_batched,500,120,1,186,16,16,1.0,11,0.0076761963546917,0.0017540345367695336,,,170,7.106666170724462,1.0,0.4,35953e6fb181387c,ok
0729046a8e79,sandbox_ransom_batched,500,120,1,186,32,8,0.25,20,0.0076761963546917,0.0017540345367695336,,,170,7.106666170724462,1.0,0.8,35953e6fb181387c,ok
0729046a8e79,sandbox_ransom_batched,500,120,1,186,32,16,0.5,10,0.0076761963546917,0.0017540345367695336,,,170,7.106666170724462,1.0,0.8,35953e6fb181387c,ok
0729046a8e79,sandbox_ransom_batched,500,120,1,186,32,32,1.0,5,0.0076761963546917,0.0017540345367695336,,,170,7.106666170724462,1.0,0.8,35953e6fb181387c,ok
0729046a8e79,sandbox_ransom_batched,500,120,1,186,64,16,0.25,8,0.0076761963546917,0.0017540345367695336,,,170,7.106666170724462,1.0,1.6,35953e6fb181387c,ok
0729046a8e79,sandbox_ransom_batched,500,120,1,186,64,32,0.5,4,0.0076761963546917,0.0017540345367695336,,,170,7.106666170724462,1.0,1.6,35953e6fb181387c,ok
0729046a8e79,sandbox_ransom_batched,500,120,1,186,64,64,1.0,2,0.0076761963546917,0.0017540345367695336,,,170,7.106666170724462,1.0,1.6,35953e6fb181387c,ok
089a790420f9,sandbox_ransom_seq,500,300,2,65,8,2,0.25,29,0.35628362802358776,0.09935663277351205,,,61,7.245534285664346,1.0,0.2,0a3f0592ac40d728,ok
089a790420f9,sandbox_ransom_seq,500,300,2,65,8,4,0.5,15,0.35628362802358776,0.09935663277351205,,,61,7.245534285664346,1.0,0.2,0a3f0592ac40d728,ok
089a790420f9,sandbox_ransom_seq,500,300,2,65,8,8,1.0,8,0.35628362802358776,0.09935663277351205,,,61,7.245534285664346,1.0,0.2,0a3f0592ac40d728,ok
089a790420f9,sandbox_ransom_seq,500,300,2,65,16,4,0.25,13,0.35628362802358776,0.09935663277351205,,,61,7.245534285664346,1.0,0.4,0a3f0592ac40d728,ok
089a790420f9,sandbox_ransom_seq,500,300,2,65,16,8,0.5,7,0.35628362802358776,0.09935663277351205,,,61,7.245534285664346,1.0,0.4,0a3f0592ac40d728,ok
089a790420f9,sandbox_ransom_seq,500,300,2,65,16,16,1.0,4,0.35628362802358776,0.09935663277351205,,,61,7.245534285664346,1.0,0.4,0a3f0592ac40d728,ok
089a790420f9,sandbox_ransom_seq,500,300,2,65,32,8,0.25,5,0.35628362802358776,0.09935663277351205,,,61,7.245534285664346,1.0,0.8,0a3f0592ac40d728,ok
089a790420f9,sandbox_ransom_seq,500,300,2,65,32,16,0.5,3,0.35628362802358776,0.09935663277351205,,,61,7.245534285664346,1.0,0.8,0a3f0592ac40d728,ok
089a790420f9,sandbox_ransom_seq,500,300,2,65,32,32,1.0,2,0.35628362802358776,0.09935663277351205,,,61,7.245534285664346,1.0,0.8,0a3f0592ac40d728,ok
089a790420f9,sandbox_ransom_seq,500,300,2,65,64,16,0.25,1,0.35628362802358776,0.09935663277351205,,,61,7.245534285664346,1.0,1.6,0a3f0592ac40d728,ok
089a790420f9,sandbox_ransom_seq,500,300,2,65,64,32,0.5,1,0.35628362802358776,0.09935663277351205,,,61,7.245534285664346,1.0,1.6,0a3f0592ac40d728,ok
089a790420f9,sandbox_ransom_seq,500,300,2,65,64,64,1.0,1,0.35628362802358776,0.09935663277351205,,,61,7.245534285664346,1.0,1.6,0a3f0592ac40d728,ok
0d0052625cf2,app_hashtable_intensive_v2,500,120,1,196,8,2,0.25,95,0.15519749388402823,0.11682599143925808,0.7546846232530064,,192,13.356925304454636,1.0,0.13333333333333333,19465114529fbdcb,ok
0d0052625cf2,app_hashtable_intensive_v2,500,120,1,196,8,4,0.5,48,0.15519749388402823,0.11682599143925808,0.7546846232530064,,192,13.356925304454636,1.0,0.13333333333333333,19465114529fbdcb,ok
0d0052625cf2,app_hashtable_intensive_v2,500,120,1,196,8,8,1.0,24,0.15519749388402823,0.11682599143925808,0.7546846232530064,,192,13.356925304454636,1.0,0.13333333333333333,19465114529fbdcb,ok
0d0052625cf2,app_hashtable_intensive_v2,500,120,1,196,16,4,0.25,46,0.15519749388402823,0.11682599143925808,0.7546846232530064,,192,13.356925304454636,1.0,0.26666666666666666,19465114529fbdcb,ok
0d0052625cf2,app_hashtable_intensive_v2,500,120,1,196,16,8,0.5,23,0.15519749388402823,0.11682599143925808,0.7546846232530064,,192,13.356925304454636,1.0,0.26666666666666666,19465114529fbdcb,ok
0d0052625cf2,app_hashtable_intensive_v2,500,120,1,196,16,16,1.0,12,0.15519749388402823,0.11682599143925808,0.7546846232530064,,192,13.356925304454636,1.0,0.26666666666666666,19465114529fbdcb,ok
0d0052625cf2,app_hashtable_intensive_v2,500,120,1,196,32,8,0.25,21,0.15519749388402823,0.11682599143925808,0.7546846232530064,,192,13.356925304454636,1.0,0.5333333333333333,19465114529fbdcb,ok
0d0052625cf2,app_hashtable_intensive_v2,500,120,1,196,32,16,0.5,11,0.15519749388402823,0.11682599143925808,0.7546846232530064,,192,13.356925304454636,1.0,0.5333333333333333,19465114529fbdcb,ok
0d0052625cf2,app_hashtable_intensive_v2,500,120,1,196,32,32,1.0,6,0.15519749388402823,0.11682599143925808,0.7546846232530064,,192,13.356925304454636,1.0,0.5333333333333333,19465114529fbdcb,ok
0d0052625cf2,app_hashtable_intensive_v2,500,120,1,196,64,16,0.25,9,0.15519749388402823,0.11682599143925808,0.7546846232530064,,192,13.356925304454636,1.0,1.0666666666666667,19465114529fbdcb,ok
0d0052625cf2,app_hashtable_intensive_v2,500,120,1,196,64,32,0.5,5,0.15519749388402823,0.11682599143925808,0.7546846232530064,,192,13.356925304454636,1.0,1.0666666666666667,19465114529fbdcb,ok
0d0052625cf2,app_hashtable_intensive_v2,500,120,1,196,64,64,1.0,3,0.15519749388402823,0.11682599143925808,0.7546846232530064,,192,13.356925304454636,1.0,1.0666666666666667,19465114529fbdcb,ok
1115cffea431,sandbox_ransom_selective,500,300,2,48,8,2,0.25,21,0.41673946380615234,0.10271260897507183,,,9,4.93921052972735,1.0,0.2,e10442f68bed216e,ok
1115cffea431,sandbox_ransom_selective,500,300,2,48,8,4,0.5,11,0.41673946380615234,0.10271260897507183,,,9,4.93921052972735,1.0,0.2,e10442f68bed216e,ok
1115cffea431,sandbox_ransom_selective,500,300,2,48,8,8,1.0,6,0.41673946380615234,0.10271260897507183,,,9,4.93921052972735,1.0,0.2,e10442f68bed216e,ok
1115cffea431,sandbox_ransom_selective,500,300,2,48,16,4,0.25,9,0.41673946380615234,0.10271260897507183,,,9,4.93921052972735,1.0,0.4,e10442f68bed216e,ok
1115cffea431,sandbox_ransom_selective,500,300,2,48,16,8,0.5,5,0.41673946380615234,0.10271260897507183,,,9,4.93921052972735,1.0,0.4,e10442f68bed216e,ok
1115cffea431,sandbox_ransom_selective,500,300,2,48,16,16,1.0,3,0.41673946380615234,0.10271260897507183,,,9,4.93921052972735,1.0,0.4,e10442f68bed216e,ok
1115cffea431,sandbox_ransom_selective,500,300,2,48,32,8,0.25,3,0.41673946380615234,0.10271260897507183,,,9,4.93921052972735,1.0,0.8,e10442f68bed216e,ok
1115cffea431,sandbox_ransom_selective,500,300,2,48,32,16,0.5,2,0.41673946380615234,0.10271260897507183,,,9,4.93921052972735,1.0,0.8,e10442f68bed216e,ok
1115cffea431,sandbox_ransom_selective,500,300,2,48,32,32,1.0,1,0.41673946380615234,0.10271260897507183,,,9,4.93921052972735,1.0,0.8,e10442f68bed216e,ok
1115cffea431,sandbox_ransom_selective,500,300,2,48,64,16,0.25,0,,,,,,,,1.6,e10442f68bed216e,skip:short
1115cffea431,sandbox_ransom_selective,500,300,2,48,64,32,0.5,0,,,,,,,,1.6,e10442f68bed216e,skip:short
1115cffea431,sandbox_ransom_selective,500,300,2,48,64,64,1.0,0,,,,,,,,1.6,e10442f68bed216e,skip:short
201e8322fe63,sandbox_ransom_seq,500,600,2,159,8,2,0.25,76,0.26316917467417206,0.10693615573020088,,,157,10.570489429100203,0.9078947368421053,0.2,2cf1d9176c54b117,ok
201e8322fe63,sandbox_ransom_seq,500,600,2,159,8,4,0.5,38,0.26316917467417206,0.10693615573020088,,,157,10.570489429100203,0.9210526315789473,0.2,2cf1d9176c54b117,ok
201e8322fe63,sandbox_ransom_seq,500,600,2,159,8,8,1.0,19,0.26316917467417206,0.10693615573020088,,,157,10.570489429100203,0.8947368421052632,0.2,2cf1d9176c54b117,ok
201e8322fe63,sandbox_ransom_seq,500,600,2,159,16,4,0.25,36,0.26316917467417206,0.10693615573020088,,,157,10.570489429100203,1.0,0.4,2cf1d9176c54b117,ok
201e8322fe63,sandbox_ransom_seq,500,600,2,159,16,8,0.5,18,0.26316917467417206,0.10693615573020088,,,157,10.570489429100203,1.0,0.4,2cf1d9176c54b117,ok
201e8322fe63,sandbox_ransom_seq,500,600,2,159,16,16,1.0,9,0.26316917467417206,0.10693615573020088,,,157,10.570489429100203,1.0,0.4,2cf1d9176c54b117,ok
201e8322fe63,sandbox_ransom_seq,500,600,2,159,32,8,0.25,16,0.26316917467417206,0.10693615573020088,,,157,10.570489429100203,1.0,0.8,2cf1d9176c54b117,ok
201e8322fe63,sandbox_ransom_seq,500,600,2,159,32,16,0.5,8,0.26316917467417206,0.10693615573020088,,,157,10.570489429100203,1.0,0.8,2cf1d9176c54b117,ok
201e8322fe63,sandbox_ransom_seq,500,600,2,159,32,32,1.0,4,0.26316917467417206,0.10693615573020088,,,157,10.570489429100203,1.0,0.8,2cf1d9176c54b117,ok
201e8322fe63,sandbox_ransom_seq,500,600,2,159,64,16,0.25,6,0.26316917467417206,0.10693615573020088,,,157,10.570489429100203,1.0,1.6,2cf1d9176c54b117,ok
201e8322fe63,sandbox_ransom_seq,500,600,2,159,64,32,0.5,3,0.26316917467417206,0.10693615573020088,,,157,10.570489429100203,1.0,1.6,2cf1d9176c54b117,ok
201e8322fe63,sandbox_ransom_seq,500,600,2,159,64,64,1.0,2,0.26316917467417206,0.10693615573020088,,,157,10.570489429100203,1.0,1.6,2cf1d9176c54b117,ok
21274eb91200,mem_rmw_intensity_v2,500,600,1,976,8,2,0.25,485,0.22033442434717398,0.053202964714302935,0.24158840113824326,,975,7.711329194773409,0.977319587628866,0.13333333333333333,b7804f157bea8c18,ok
21274eb91200,mem_rmw_intensity_v2,500,600,1,976,8,4,0.5,243,0.22033442434717398,0.053202964714302935,0.24158840113824326,,975,7.711329194773409,0.9711934156378601,0.13333333333333333,b7804f157bea8c18,ok
21274eb91200,mem_rmw_intensity_v2,500,600,1,976,8,8,1.0,122,0.22033442434717398,0.053202964714302935,0.24158840113824326,,975,7.711329194773409,0.9672131147540983,0.13333333333333333,b7804f157bea8c18,ok
21274eb91200,mem_rmw_intensity_v2,500,600,1,976,16,4,0.25,241,0.22033442434717398,0.053202964714302935,0.24158840113824326,,975,7.711329194773409,1.0,0.26666666666666666,b7804f157bea8c18,ok
21274eb91200,mem_rmw_intensity_v2,500,600,1,976,16,8,0.5,121,0.22033442434717398,0.053202964714302935,0.24158840113824326,,975,7.711329194773409,1.0,0.26666666666666666,b7804f157bea8c18,ok
21274eb91200,mem_rmw_intensity_v2,500,600,1,976,16,16,1.0,61,0.22033442434717398,0.053202964714302935,0.24158840113824326,,975,7.711329194773409,1.0,0.26666666666666666,b7804f157bea8c18,ok
21274eb91200,mem_rmw_intensity_v2,500,600,1,976,32,8,0.25,119,0.22033442434717398,0.053202964714302935,0.24158840113824326,,975,7.711329194773409,1.0,0.5333333333333333,b7804f157bea8c18,ok
21274eb91200,mem_rmw_intensity_v2,500,600,1,976,32,16,0.5,60,0.22033442434717398,0.053202964714302935,0.24158840113824326,,975,7.711329194773409,1.0,0.5333333333333333,b7804f157bea8c18,ok
21274eb91200,mem_rmw_intensity_v2,500,600,1,976,32,32,1.0,30,0.22033442434717398,0.053202964714302935,0.24158840113824326,,975,7.711329194773409,1.0,0.5333333333333333,b7804f157bea8c18,ok
21274eb91200,mem_rmw_intensity_v2,500,600,1,976,64,16,0.25,58,0.22033442434717398,0.053202964714302935,0.24158840113824326,,975,7.711329194773409,1.0,1.0666666666666667,b7804f157bea8c18,ok
21274eb91200,mem_rmw_intensity_v2,500,600,1,976,64,32,0.5,29,0.22033442434717398,0.053202964714302935,0.24158840113824326,,975,7.711329194773409,1.0,1.0666666666666667,b7804f157bea8c18,ok
21274eb91200,mem_rmw_intensity_v2,500,600,1,976,64,64,1.0,15,0.22033442434717398,0.053202964714302935,0.24158840113824326,,975,7.711329194773409,1.0,1.0666666666666667,b7804f157bea8c18,ok
228146a9be79,sandbox_scanner_metadata,500,120,1,196,8,2,0.25,95,0.039449166278449854,0.0029780909669782705,,,179,6.004543818295911,0.9052631578947369,0.2,a2ddfe368cd35e14,ok
228146a9be79,sandbox_scanner_metadata,500,120,1,196,8,4,0.5,48,0.039449166278449854,0.0029780909669782705,,,179,6.004543818295911,0.9166666666666666,0.2,a2ddfe368cd35e14,ok
228146a9be79,sandbox_scanner_metadata,500,120,1,196,8,8,1.0,24,0.039449166278449854,0.0029780909669782705,,,179,6.004543818295911,0.9166666666666666,0.2,a2ddfe368cd35e14,ok
228146a9be79,sandbox_scanner_metadata,500,120,1,196,16,4,0.25,46,0.039449166278449854,0.0029780909669782705,,,179,6.004543818295911,1.0,0.4,a2ddfe368cd35e14,ok
228146a9be79,sandbox_scanner_metadata,500,120,1,196,16,8,0.5,23,0.039449166278449854,0.0029780909669782705,,,179,6.004543818295911,1.0,0.4,a2ddfe368cd35e14,ok
228146a9be79,sandbox_scanner_metadata,500,120,1,196,16,16,1.0,12,0.039449166278449854,0.0029780909669782705,,,179,6.004543818295911,1.0,0.4,a2ddfe368cd35e14,ok
228146a9be79,sandbox_scanner_metadata,500,120,1,196,32,8,0.25,21,0.039449166278449854,0.0029780909669782705,,,179,6.004543818295911,1.0,0.8,a2ddfe368cd35e14,ok
228146a9be79,sandbox_scanner_metadata,500,120,1,196,32,16,0.5,11,0.039449166278449854,0.0029780909669782705,,,179,6.004543818295911,1.0,0.8,a2ddfe368cd35e14,ok
228146a9be79,sandbox_scanner_metadata,500,120,1,196,32,32,1.0,6,0.039449166278449854,0.0029780909669782705,,,179,6.004543818295911,1.0,0.8,a2ddfe368cd35e14,ok
228146a9be79,sandbox_scanner_metadata,500,120,1,196,64,16,0.25,9,0.039449166278449854,0.0029780909669782705,,,179,6.004543818295911,1.0,1.6,a2ddfe368cd35e14,ok
228146a9be79,sandbox_scanner_metadata,500,120,1,196,64,32,0.5,5,0.039449166278449854,0.0029780909669782705,,,179,6.004543818295911,1.0,1.6,a2ddfe368cd35e14,ok
228146a9be79,sandbox_scanner_metadata,500,120,1,196,64,64,1.0,3,0.039449166278449854,0.0029780909669782705,,,179,6.004543818295911,1.0,1.6,a2ddfe368cd35e14,ok
29d1a681c974,sandbox_ransom_selective,500,120,1,26,8,2,0.25,10,0.3619848398061899,0.15007158651382554,,,24,5.943644022633951,0.9,0.2,2b95755472681dbd,ok
29d1a681c974,sandbox_ransom_selective,500,120,1,26,8,4,0.5,5,0.3619848398061899,0.15007158651382554,,,24,5.943644022633951,1.0,0.2,2b95755472681dbd,ok
29d1a681c974,sandbox_ransom_selective,500,120,1,26,8,8,1.0,3,0.3619848398061899,0.15007158651382554,,,24,5.943644022633951,1.0,0.2,2b95755472681dbd,ok
29d1a681c974,sandbox_ransom_selective,500,120,1,26,16,4,0.25,3,0.3619848398061899,0.15007158651382554,,,24,5.943644022633951,1.0,0.4,2b95755472681dbd,ok
29d1a681c974,sandbox_ransom_selective,500,120,1,26,16,8,0.5,2,0.3619848398061899,0.15007158651382554,,,24,5.943644022633951,1.0,0.4,2b95755472681dbd,ok
29d1a681c974,sandbox_ransom_selective,500,120,1,26,16,16,1.0,1,0.3619848398061899,0.15007158651382554,,,24,5.943644022633951,1.0,0.4,2b95755472681dbd,ok
29d1a681c974,sandbox_ransom_selective,500,120,1,26,32,8,0.25,0,,,,,,,,0.8,2b95755472681dbd,skip:short
29d1a681c974,sandbox_ransom_selective,500,120,1,26,32,16,0.5,0,,,,,,,,0.8,2b95755472681dbd,skip:short
29d1a681c974,sandbox_ransom_selective,500,120,1,26,32,32,1.0,0,,,,,,,,0.8,2b95755472681dbd,skip:short
29d1a681c974,sandbox_ransom_selective,500,120,1,26,64,16,0.25,0,,,,,,,,1.6,2b95755472681dbd,skip:short
29d1a681c974,sandbox_ransom_selective,500,120,1,26,64,32,0.5,0,,,,,,,,1.6,2b95755472681dbd,skip:short
29d1a681c974,sandbox_ransom_selective,500,120,1,26,64,64,1.0,0,,,,,,,,1.6,2b95755472681dbd,skip:short
2d03432d6d1e,mem_pagefault_density_v2,500,120,1,195,8,2,0.25,94,0.0056266393416967144,0.012298950382262678,2.191469403982677,,175,7.514263682133215,0.9893617021276596,0.13333333333333333,a27feaeedea4db40,ok
2d03432d6d1e,mem_pagefault_density_v2,500,120,1,195,8,4,0.5,47,0.0056266393416967144,0.012298950382262678,2.191469403982677,,175,7.514263682133215,0.9787234042553191,0.13333333333333333,a27feaeedea4db40,ok
2d03432d6d1e,mem_pagefault_density_v2,500,120,1,195,8,8,1.0,24,0.0056266393416967144,0.012298950382262678,2.191469403982677,,175,7.514263682133215,0.9583333333333334,0.13333333333333333,a27feaeedea4db40,ok
2d03432d6d1e,mem_pagefault_density_v2,500,120,1,195,16,4,0.25,45,0.0056266393416967144,0.012298950382262678,2.191469403982677,,175,7.514263682133215,1.0,0.26666666666666666,a27feaeedea4db40,ok
2d03432d6d1e,mem_pagefault_density_v2,500,120,1,195,16,8,0.5,23,0.0056266393416967144,0.012298950382262678,2.191469403982677,,175,7.514263682133215,1.0,0.26666666666666666,a27feaeedea4db40,ok
2d03432d6d1e,mem_pagefault_density_v2,500,120,1,195,16,16,1.0,12,0.0056266393416967144,0.012298950382262678,2.191469403982677,,175,7.514263682133215,1.0,0.26666666666666666,a27feaeedea4db40,ok
2d03432d6d1e,mem_pagefault_density_v2,500,120,1,195,32,8,0.25,21,0.0056266393416967144,0.012298950382262678,2.191469403982677,,175,7.514263682133215,1.0,0.5333333333333333,a27feaeedea4db40,ok
2d03432d6d1e,mem_pagefault_density_v2,500,120,1,195,32,16,0.5,11,0.0056266393416967144,0.012298950382262678,2.191469403982677,,175,7.514263682133215,1.0,0.5333333333333333,a27feaeedea4db40,ok
2d03432d6d1e,mem_pagefault_density_v2,500,120,1,195,32,32,1.0,6,0.0056266393416967144,0.012298950382262678,2.191469403982677,,175,7.514263682133215,1.0,0.5333333333333333,a27feaeedea4db40,ok
2d03432d6d1e,mem_pagefault_density_v2,500,120,1,195,64,16,0.25,9,0.0056266393416967144,0.012298950382262678,2.191469403982677,,175,7.514263682133215,1.0,1.0666666666666667,a27feaeedea4db40,ok
2d03432d6d1e,mem_pagefault_density_v2,500,120,1,195,64,32,0.5,5,0.0056266393416967144,0.012298950382262678,2.191469403982677,,175,7.514263682133215,1.0,1.0666666666666667,a27feaeedea4db40,ok
2d03432d6d1e,mem_pagefault_density_v2,500,120,1,195,64,64,1.0,3,0.0056266393416967144,0.012298950382262678,2.191469403982677,,175,7.514263682133215,1.0,1.0666666666666667,a27feaeedea4db40,ok
2f62b86c8bc1,sandbox_ransom_selective,500,300,1,63,8,2,0.25,28,0.3579847547743056,0.12396516432751101,,,60,6.250666731187788,0.8928571428571429,0.2,04da52731b2c35a7,ok
2f62b86c8bc1,sandbox_ransom_selective,500,300,1,63,8,4,0.5,14,0.3579847547743056,0.12396516432751101,,,60,6.250666731187788,0.8571428571428571,0.2,04da52731b2c35a7,ok
2f62b86c8bc1,sandbox_ransom_selective,500,300,1,63,8,8,1.0,7,0.3579847547743056,0.12396516432751101,,,60,6.250666731187788,0.8571428571428571,0.2,04da52731b2c35a7,ok
2f62b86c8bc1,sandbox_ransom_selective,500,300,1,63,16,4,0.25,12,0.3579847547743056,0.12396516432751101,,,60,6.250666731187788,1.0,0.4,04da52731b2c35a7,ok
2f62b86c8bc1,sandbox_ransom_selective,500,300,1,63,16,8,0.5,6,0.3579847547743056,0.12396516432751101,,,60,6.250666731187788,1.0,0.4,04da52731b2c35a7,ok
2f62b86c8bc1,sandbox_ransom_selective,500,300,1,63,16,16,1.0,3,0.3579847547743056,0.12396516432751101,,,60,6.250666731187788,1.0,0.4,04da52731b2c35a7,ok
2f62b86c8bc1,sandbox_ransom_selective,500,300,1,63,32,8,0.25,4,0.3579847547743056,0.12396516432751101,,,60,6.250666731187788,1.0,0.8,04da52731b2c35a7,ok
2f62b86c8bc1,sandbox_ransom_selective,500,300,1,63,32,16,0.5,2,0.3579847547743056,0.12396516432751101,,,60,6.250666731187788,1.0,0.8,04da52731b2c35a7,ok
2f62b86c8bc1,sandbox_ransom_selective,500,300,1,63,32,32,1.0,1,0.3579847547743056,0.12396516432751101,,,60,6.250666731187788,1.0,0.8,04da52731b2c35a7,ok
2f62b86c8bc1,sandbox_ransom_selective,500,300,1,63,64,16,0.25,0,,,,,,,,1.6,04da52731b2c35a7,skip:short
2f62b86c8bc1,sandbox_ransom_selective,500,300,1,63,64,32,0.5,0,,,,,,,,1.6,04da52731b2c35a7,skip:short
2f62b86c8bc1,sandbox_ransom_selective,500,300,1,63,64,64,1.0,0,,,,,,,,1.6,04da52731b2c35a7,skip:short
3a6ee6a0b17c,sandbox_ransom_slowburn,500,120,2,188,8,2,0.25,91,0.0026663719339573635,0.016215000046921366,,,171,11.82409694950249,0.989010989010989,0.2,da7b3fe9ab13bada,ok
3a6ee6a0b17c,sandbox_ransom_slowburn,500,120,2,188,8,4,0.5,46,0.0026663719339573635,0.016215000046921366,,,171,11.82409694950249,0.9782608695652174,0.2,da7b3fe9ab13bada,ok
3a6ee6a0b17c,sandbox_ransom_slowburn,500,120,2,188,8,8,1.0,23,0.0026663719339573635,0.016215000046921366,,,171,11.82409694950249,0.9565217391304348,0.2,da7b3fe9ab13bada,ok
3a6ee6a0b17c,sandbox_ransom_slowburn,500,120,2,188,16,4,0.25,44,0.0026663719339573635,0.016215000046921366,,,171,11.82409694950249,1.0,0.4,da7b3fe9ab13bada,ok
3a6ee6a0b17c,sandbox_ransom_slowburn,500,120,2,188,16,8,0.5,22,0.0026663719339573635,0.016215000046921366,,,171,11.82409694950249,1.0,0.4,da7b3fe9ab13bada,ok
3a6ee6a0b17c,sandbox_ransom_slowburn,500,120,2,188,16,16,1.0,11,0.0026663719339573635,0.016215000046921366,,,171,11.82409694950249,1.0,0.4,da7b3fe9ab13bada,ok
3a6ee6a0b17c,sandbox_ransom_slowburn,500,120,2,188,32,8,0.25,20,0.0026663719339573635,0.016215000046921366,,,171,11.82409694950249,1.0,0.8,da7b3fe9ab13bada,ok
3a6ee6a0b17c,sandbox_ransom_slowburn,500,120,2,188,32,16,0.5,10,0.0026663719339573635,0.016215000046921366,,,171,11.82409694950249,1.0,0.8,da7b3fe9ab13bada,ok
3a6ee6a0b17c,sandbox_ransom_slowburn,500,120,2,188,32,32,1.0,5,0.0026663719339573635,0.016215000046921366,,,171,11.82409694950249,1.0,0.8,da7b3fe9ab13bada,ok
3a6ee6a0b17c,sandbox_ransom_slowburn,500,120,2,188,64,16,0.25,8,0.0026663719339573635,0.016215000046921366,,,171,11.82409694950249,1.0,1.6,da7b3fe9ab13bada,ok
3a6ee6a0b17c,sandbox_ransom_slowburn,500,120,2,188,64,32,0.5,4,0.0026663719339573635,0.016215000046921366,,,171,11.82409694950249,1.0,1.6,da7b3fe9ab13bada,ok
3a6ee6a0b17c,sandbox_ransom_slowburn,500,120,2,188,64,64,1.0,2,0.0026663719339573635,0.016215000046921366,,,171,11.82409694950249,1.0,1.6,da7b3fe9ab13bada,ok
3b16ee9f069d,mem_pagefault_density_v2,500,300,1,490,8,2,0.25,242,0.004852738672373246,0.007831223415307802,1.6154232158156074,,472,9.91313161629045,0.9958677685950413,0.13333333333333333,4d1d33ca26d25f69,ok
3b16ee9f069d,mem_pagefault_density_v2,500,300,1,490,8,4,0.5,121,0.004852738672373246,0.007831223415307802,1.6154232158156074,,472,9.91313161629045,0.9917355371900827,0.13333333333333333,4d1d33ca26d25f69,ok
3b16ee9f069d,mem_pagefault_density_v2,500,300,1,490,8,8,1.0,61,0.004852738672373246,0.007831223415307802,1.6154232158156074,,472,9.91313161629045,0.9836065573770492,0.13333333333333333,4d1d33ca26d25f69,ok
3b16ee9f069d,mem_pagefault_density_v2,500,300,1,490,16,4,0.25,119,0.004852738672373246,0.007831223415307802,1.6154232158156074,,472,9.91313161629045,0.9915966386554622,0.26666666666666666,4d1d33ca26d25f69,ok
3b16ee9f069d,mem_pagefault_density_v2,500,300,1,490,16,8,0.5,60,0.004852738672373246,0.007831223415307802,1.6154232158156074,,472,9.91313161629045,0.9833333333333333,0.26666666666666666,4d1d33ca26d25f69,ok
3b16ee9f069d,mem_pagefault_density_v2,500,300,1,490,16,16,1.0,30,0.004852738672373246,0.007831223415307802,1.6154232158156074,,472,9.91313161629045,0.9666666666666667,0.26666666666666666,4d1d33ca26d25f69,ok
3b16ee9f069d,mem_pagefault_density_v2,500,300,1,490,32,8,0.25,58,0.004852738672373246,0.007831223415307802,1.6154232158156074,,472,9.91313161629045,1.0,0.5333333333333333,4d1d33ca26d25f69,ok
3b16ee9f069d,mem_pagefault_density_v2,500,300,1,490,32,16,0.5,29,0.004852738672373246,0.007831223415307802,1.6154232158156074,,472,9.91313161629045,1.0,0.5333333333333333,4d1d33ca26d25f69,ok
3b16ee9f069d,mem_pagefault_density_v2,500,300,1,490,32,32,1.0,15,0.004852738672373246,0.007831223415307802,1.6154232158156074,,472,9.91313161629045,1.0,0.5333333333333333,4d1d33ca26d25f69,ok
3b16ee9f069d,mem_pagefault_density_v2,500,300,1,490,64,16,0.25,27,0.004852738672373246,0.007831223415307802,1.6154232158156074,,472,9.91313161629045,1.0,1.0666666666666667,4d1d33ca26d25f69,ok
3b16ee9f069d,mem_pagefault_density_v2,500,300,1,490,64,32,0.5,14,0.004852738672373246,0.007831223415307802,1.6154232158156074,,472,9.91313161629045,1.0,1.0666666666666667,4d1d33ca26d25f69,ok
3b16ee9f069d,mem_pagefault_density_v2,500,300,1,490,64,64,1.0,7,0.004852738672373246,0.007831223415307802,1.6154232158156074,,472,9.91313161629045,1.0,1.0666666666666667,4d1d33ca26d25f69,ok
3e9fefff31ae,mem_workingset_sweep_v2,500,300,1,489,8,2,0.25,241,0.25064721136736723,0.0012885882077327275,0.005146308230682747,,487,10.47492397678293,0.950207468879668,0.13333333333333333,2769b9f2754cfcf8,ok
3e9fefff31ae,mem_workingset_sweep_v2,500,300,1,489,8,4,0.5,121,0.25064721136736723,0.0012885882077327275,0.005146308230682747,,487,10.47492397678293,0.9504132231404959,0.13333333333333333,2769b9f2754cfcf8,ok
3e9fefff31ae,mem_workingset_sweep_v2,500,300,1,489,8,8,1.0,61,0.25064721136736723,0.0012885882077327275,0.005146308230682747,,487,10.47492397678293,0.9508196721311475,0.13333333333333333,2769b9f2754cfcf8,ok
3e9fefff31ae,mem_workingset_sweep_v2,500,300,1,489,16,4,0.25,119,0.25064721136736723,0.0012885882077327275,0.005146308230682747,,487,10.47492397678293,0.9747899159663865,0.26666666666666666,2769b9f2754cfcf8,ok
3e9fefff31ae,mem_workingset_sweep_v2,500,300,1,489,16,8,0.5,60,0.25064721136736723,0.0012885882077327275,0.005146308230682747,,487,10.47492397678293,0.9666666666666667,0.26666666666666666,2769b9f2754cfcf8,ok
3e9fefff31ae,mem_workingset_sweep_v2,500,300,1,489,16,16,1.0,30,0.25064721136736723,0.0012885882077327275,0.005146308230682747,,487,10.47492397678293,0.9666666666666667,0.26666666666666666,2769b9f2754cfcf8,ok
3e9fefff31ae,mem_workingset_sweep_v2,500,300,1,489,32,8,0.25,58,0.25064721136736723,0.0012885882077327275,0.005146308230682747,,487,10.47492397678293,0.9827586206896551,0.5333333333333333,2769b9f2754cfcf8,ok
3e9fefff31ae,mem_workingset_sweep_v2,500,300,1,489,32,16,0.5,29,0.25064721136736723,0.0012885882077327275,0.005146308230682747,,487,10.47492397678293,0.9655172413793104,0.5333333333333333,2769b9f2754cfcf8,ok
3e9fefff31ae,mem_workingset_sweep_v2,500,300,1,489,32,32,1.0,15,0.25064721136736723,0.0012885882077327275,0.005146308230682747,,487,10.47492397678293,0.9333333333333333,0.5333333333333333,2769b9f2754cfcf8,ok
3e9fefff31ae,mem_workingset_sweep_v2,500,300,1,489,64,16,0.25,27,0.25064721136736723,0.0012885882077327275,0.005146308230682747,,487,10.47492397678293,1.0,1.0666666666666667,2769b9f2754cfcf8,ok
3e9fefff31ae,mem_workingset_sweep_v2,500,300,1,489,64,32,0.5,14,0.25064721136736723,0.0012885882077327275,0.005146308230682747,,487,10.47492397678293,1.0,1.0666666666666667,2769b9f2754cfcf8,ok
3e9fefff31ae,mem_workingset_sweep_v2,500,300,1,489,64,64,1.0,7,0.25064721136736723,0.0012885882077327275,0.005146308230682747,,487,10.47492397678293,1.0,1.0666666666666667,2769b9f2754cfcf8,ok
3fe1ad0dfc55,sandbox_ransom_batched,500,600,2,965,8,2,0.25,479,0.008001202993442357,0.0010415092583597797,,,958,7.734035996914034,0.9791231732776617,0.2,d05e5e07bf9d5ad8,ok
3fe1ad0dfc55,sandbox_ransom_batched,500,600,2,965,8,4,0.5,240,0.008001202993442357,0.0010415092583597797,,,958,7.734035996914034,0.9791666666666666,0.2,d05e5e07bf9d5ad8,ok
3fe1ad0dfc55,sandbox_ransom_batched,500,600,2,965,8,8,1.0,120,0.008001202993442357,0.0010415092583597797,,,958,7.734035996914034,0.9833333333333333,0.2,d05e5e07bf9d5ad8,ok
3fe1ad0dfc55,sandbox_ransom_batched,500,600,2,965,16,4,0.25,238,0.008001202993442357,0.0010415092583597797,,,958,7.734035996914034,0.9915966386554622,0.4,d05e5e07bf9d5ad8,ok
3fe1ad0dfc55,sandbox_ransom_batched,500,600,2,965,16,8,0.5,119,0.008001202993442357,0.0010415092583597797,,,958,7.734035996914034,0.9915966386554622,0.4,d05e5e07bf9d5ad8,ok
3fe1ad0dfc55,sandbox_ransom_batched,500,600,2,965,16,16,1.0,60,0.008001202993442357,0.0010415092583597797,,,958,7.734035996914034,0.9833333333333333,0.4,d05e5e07bf9d5ad8,ok
3fe1ad0dfc55,sandbox_ransom_batched,500,600,2,965,32,8,0.25,117,0.008001202993442357,0.0010415092583597797,,,958,7.734035996914034,0.9914529914529915,0.8,d05e5e07bf9d5ad8,ok
3fe1ad0dfc55,sandbox_ransom_batched,500,600,2,965,32,16,0.5,59,0.008001202993442357,0.0010415092583597797,,,958,7.734035996914034,0.9830508474576272,0.8,d05e5e07bf9d5ad8,ok
3fe1ad0dfc55,sandbox_ransom_batched,500,600,2,965,32,32,1.0,30,0.008001202993442357,0.0010415092583597797,,,958,7.734035996914034,0.9666666666666667,0.8,d05e5e07bf9d5ad8,ok
3fe1ad0dfc55,sandbox_ransom_batched,500,600,2,965,64,16,0.25,57,0.008001202993442357,0.0010415092583597797,,,958,7.734035996914034,1.0,1.6,d05e5e07bf9d5ad8,ok
3fe1ad0dfc55,sandbox_ransom_batched,500,600,2,965,64,32,0.5,29,0.008001202993442357,0.0010415092583597797,,,958,7.734035996914034,1.0,1.6,d05e5e07bf9d5ad8,ok
3fe1ad0dfc55,sandbox_ransom_batched,500,600,2,965,64,64,1.0,15,0.008001202993442357,0.0010415092583597797,,,958,7.734035996914034,1.0,1.6,d05e5e07bf9d5ad8,ok
460e0dded30c,app_hashtable_intensive_v2,500,600,1,982,8,2,0.25,488,0.15403890901087744,0.11725601640434344,0.761598257545113,,978,15.239856811134139,1.0,0.13333333333333333,fa215b5037d83d88,ok
460e0dded30c,app_hashtable_intensive_v2,500,600,1,982,8,4,0.5,244,0.15403890901087744,0.11725601640434344,0.761598257545113,,978,15.239856811134139,1.0,0.13333333333333333,fa215b5037d83d88,ok
460e0dded30c,app_hashtable_intensive_v2,500,600,1,982,8,8,1.0,122,0.15403890901087744,0.11725601640434344,0.761598257545113,,978,15.239856811134139,1.0,0.13333333333333333,fa215b5037d83d88,ok
460e0dded30c,app_hashtable_intensive_v2,500,600,1,982,16,4,0.25,242,0.15403890901087744,0.11725601640434344,0.761598257545113,,978,15.239856811134139,1.0,0.26666666666666666,fa215b5037d83d88,ok
460e0dded30c,app_hashtable_intensive_v2,500,600,1,982,16,8,0.5,121,0.15403890901087744,0.11725601640434344,0.761598257545113,,978,15.239856811134139,1.0,0.26666666666666666,fa215b5037d83d88,ok
460e0dded30c,app_hashtable_intensive_v2,500,600,1,982,16,16,1.0,61,0.15403890901087744,0.11725601640434344,0.761598257545113,,978,15.239856811134139,1.0,0.26666666666666666,fa215b5037d83d88,ok
460e0dded30c,app_hashtable_intensive_v2,500,600,1,982,32,8,0.25,119,0.15403890901087744,0.11725601640434344,0.761598257545113,,978,15.239856811134139,1.0,0.5333333333333333,fa215b5037d83d88,ok
460e0dded30c,app_hashtable_intensive_v2,500,600,1,982,32,16,0.5,60,0.15403890901087744,0.11725601640434344,0.761598257545113,,978,15.239856811134139,1.0,0.5333333333333333,fa215b5037d83d88,ok
460e0dded30c,app_hashtable_intensive_v2,500,600,1,982,32,32,1.0,30,0.15403890901087744,0.11725601640434344,0.761598257545113,,978,15.239856811134139,1.0,0.5333333333333333,fa215b5037d83d88,ok
460e0dded30c,app_hashtable_intensive_v2,500,600,1,982,64,16,0.25,58,0.15403890901087744,0.11725601640434344,0.761598257545113,,978,15.239856811134139,1.0,1.0666666666666667,fa215b5037d83d88,ok
460e0dded30c,app_hashtable_intensive_v2,500,600,1,982,64,32,0.5,29,0.15403890901087744,0.11725601640434344,0.761598257545113,,978,15.239856811134139,1.0,1.0666666666666667,fa215b5037d83d88,ok
460e0dded30c,app_hashtable_intensive_v2,500,600,1,982,64,64,1.0,15,0.15403890901087744,0.11725601640434344,0.761598257545113,,978,15.239856811134139,1.0,1.0666666666666667,fa215b5037d83d88,ok
4b0c56d230f1,mem_rmw_intensity_v2,500,600,2,976,8,2,0.25,485,0.2180338023138828,0.056605390357027725,0.25975060161287056,,975,7.173987852768927,0.9896907216494846,0.13333333333333333,6503762e004879d7,ok
4b0c56d230f1,mem_rmw_intensity_v2,500,600,2,976,8,4,0.5,243,0.2180338023138828,0.056605390357027725,0.25975060161287056,,975,7.173987852768927,0.9876543209876543,0.13333333333333333,6503762e004879d7,ok
4b0c56d230f1,mem_rmw_intensity_v2,500,600,2,976,8,8,1.0,122,0.2180338023138828,0.056605390357027725,0.25975060161287056,,975,7.173987852768927,0.9836065573770492,0.13333333333333333,6503762e004879d7,ok
4b0c56d230f1,mem_rmw_intensity_v2,500,600,2,976,16,4,0.25,241,0.2180338023138828,0.056605390357027725,0.25975060161287056,,975,7.173987852768927,1.0,0.26666666666666666,6503762e004879d7,ok
4b0c56d230f1,mem_rmw_intensity_v2,500,600,2,976,16,8,0.5,121,0.2180338023138828,0.056605390357027725,0.25975060161287056,,975,7.173987852768927,1.0,0.26666666666666666,6503762e004879d7,ok
4b0c56d230f1,mem_rmw_intensity_v2,500,600,2,976,16,16,1.0,61,0.2180338023138828,0.056605390357027725,0.25975060161287056,,975,7.173987852768927,1.0,0.26666666666666666,6503762e004879d7,ok
4b0c56d230f1,mem_rmw_intensity_v2,500,600,2,976,32,8,0.25,119,0.2180338023138828,0.056605390357027725,0.25975060161287056,,975,7.173987852768927,1.0,0.5333333333333333,6503762e004879d7,ok
4b0c56d230f1,mem_rmw_intensity_v2,500,600,2,976,32,16,0.5,60,0.2180338023138828,0.056605390357027725,0.25975060161287056,,975,7.173987852768927,1.0,0.5333333333333333,6503762e004879d7,ok
4b0c56d230f1,mem_rmw_intensity_v2,500,600,2,976,32,32,1.0,30,0.2180338023138828,0.056605390357027725,0.25975060161287056,,975,7.173987852768927,1.0,0.5333333333333333,6503762e004879d7,ok
4b0c56d230f1,mem_rmw_intensity_v2,500,600,2,976,64,16,0.25,58,0.2180338023138828,0.056605390357027725,0.25975060161287056,,975,7.173987852768927,1.0,1.0666666666666667,6503762e004879d7,ok
4b0c56d230f1,mem_rmw_intensity_v2,500,600,2,976,64,32,0.5,29,0.2180338023138828,0.056605390357027725,0.25975060161287056,,975,7.173987852768927,1.0,1.0666666666666667,6503762e004879d7,ok
4b0c56d230f1,mem_rmw_intensity_v2,500,600,2,976,64,64,1.0,15,0.2180338023138828,0.056605390357027725,0.25975060161287056,,975,7.173987852768927,1.0,1.0666666666666667,6503762e004879d7,ok
50d1800116a6,mem_mmap_traversal_v2,500,300,2,373,8,2,0.25,183,0.18172017115370517,0.07205852651913454,0.39706827215334384,,371,10.180143954385132,0.9781420765027322,0.13333333333333333,691f67cfd05036c4,ok
50d1800116a6,mem_mmap_traversal_v2,500,300,2,373,8,4,0.5,92,0.18172017115370517,0.07205852651913454,0.39706827215334384,,371,10.180143954385132,0.9565217391304348,0.13333333333333333,691f67cfd05036c4,ok
50d1800116a6,mem_mmap_traversal_v2,500,300,2,373,8,8,1.0,46,0.18172017115370517,0.07205852651913454,0.39706827215334384,,371,10.180143954385132,0.9565217391304348,0.13333333333333333,691f67cfd05036c4,ok
50d1800116a6,mem_mmap_traversal_v2,500,300,2,373,16,4,0.25,90,0.18172017115370517,0.07205852651913454,0.39706827215334384,,371,10.180143954385132,1.0,0.26666666666666666,691f67cfd05036c4,ok
50d1800116a6,mem_mmap_traversal_v2,500,300,2,373,16,8,0.5,45,0.18172017115370517,0.07205852651913454,0.39706827215334384,,371,10.180143954385132,1.0,0.26666666666666666,691f67cfd05036c4,ok
50d1800116a6,mem_mmap_traversal_v2,500,300,2,373,16,16,1.0,23,0.18172017115370517,0.07205852651913454,0.39706827215334384,,371,10.180143954385132,1.0,0.26666666666666666,691f67cfd05036c4,ok
50d1800116a6,mem_mmap_traversal_v2,500,300,2,373,32,8,0.25,43,0.18172017115370517,0.07205852651913454,0.39706827215334384,,371,10.180143954385132,1.0,0.5333333333333333,691f67cfd05036c4,ok
50d1800116a6,mem_mmap_traversal_v2,500,300,2,373,32,16,0.5,22,0.18172017115370517,0.07205852651913454,0.39706827215334384,,371,10.180143954385132,1.0,0.5333333333333333,691f67cfd05036c4,ok
50d1800116a6,mem_mmap_traversal_v2,500,300,2,373,32,32,1.0,11,0.18172017115370517,0.07205852651913454,0.39706827215334384,,371,10.180143954385132,1.0,0.5333333333333333,691f67cfd05036c4,ok
50d1800116a6,mem_mmap_traversal_v2,500,300,2,373,64,16,0.25,20,0.18172017115370517,0.07205852651913454,0.39706827215334384,,371,10.180143954385132,1.0,1.0666666666666667,691f67cfd05036c4,ok
50d1800116a6,mem_mmap_traversal_v2,500,300,2,373,64,32,0.5,10,0.18172017115370517,0.07205852651913454,0.39706827215334384,,371,10.180143954385132,1.0,1.0666666666666667,691f67cfd05036c4,ok
50d1800116a6,mem_mmap_traversal_v2,500,300,2,373,64,64,1.0,5,0.18172017115370517,0.07205852651913454,0.39706827215334384,,371,10.180143954385132,1.0,1.0666666666666667,691f67cfd05036c4,ok
52d372d38cce,sandbox_ransom_batched,500,120,2,195,8,2,0.25,94,0.007833197177984776,0.0019809713505579175,,,193,9.046549436058601,0.9787234042553191,0.2,3d98e1c2f2535772,ok
52d372d38cce,sandbox_ransom_batched,500,120,2,195,8,4,0.5,47,0.007833197177984776,0.0019809713505579175,,,193,9.046549436058601,0.9787234042553191,0.2,3d98e1c2f2535772,ok
52d372d38cce,sandbox_ransom_batched,500,120,2,195,8,8,1.0,24,0.007833197177984776,0.0019809713505579175,,,193,9.046549436058601,0.9583333333333334,0.2,3d98e1c2f2535772,ok
52d372d38cce,sandbox_ransom_batched,500,120,2,195,16,4,0.25,45,0.007833197177984776,0.0019809713505579175,,,193,9.046549436058601,0.9777777777777777,0.4,3d98e1c2f2535772,ok
52d372d38cce,sandbox_ransom_batched,500,120,2,195,16,8,0.5,23,0.007833197177984776,0.0019809713505579175,,,193,9.046549436058601,0.9565217391304348,0.4,3d98e1c2f2535772,ok
52d372d38cce,sandbox_ransom_batched,500,120,2,195,16,16,1.0,12,0.007833197177984776,0.0019809713505579175,,,193,9.046549436058601,0.9166666666666666,0.4,3d98e1c2f2535772,ok
52d372d38cce,sandbox_ransom_batched,500,120,2,195,32,8,0.25,21,0.007833197177984776,0.0019809713505579175,,,193,9.046549436058601,1.0,0.8,3d98e1c2f2535772,ok
52d372d38cce,sandbox_ransom_batched,500,120,2,195,32,16,0.5,11,0.007833197177984776,0.0019809713505579175,,,193,9.046549436058601,1.0,0.8,3d98e1c2f2535772,ok
52d372d38cce,sandbox_ransom_batched,500,120,2,195,32,32,1.0,6,0.007833197177984776,0.0019809713505579175,,,193,9.046549436058601,1.0,0.8,3d98e1c2f2535772,ok
52d372d38cce,sandbox_ransom_batched,500,120,2,195,64,16,0.25,9,0.007833197177984776,0.0019809713505579175,,,193,9.046549436058601,1.0,1.6,3d98e1c2f2535772,ok
52d372d38cce,sandbox_ransom_batched,500,120,2,195,64,32,0.5,5,0.007833197177984776,0.0019809713505579175,,,193,9.046549436058601,1.0,1.6,3d98e1c2f2535772,ok
52d372d38cce,sandbox_ransom_batched,500,120,2,195,64,64,1.0,3,0.007833197177984776,0.0019809713505579175,,,193,9.046549436058601,1.0,1.6,3d98e1c2f2535772,ok
54cec30077b5,sandbox_ransom_slowburn,500,300,2,466,8,2,0.25,230,0.0018152310612887272,0.01051240618052786,,,132,15.103258805556978,0.9956521739130435,0.2,1730252df914174a,ok
54cec30077b5,sandbox_ransom_slowburn,500,300,2,466,8,4,0.5,115,0.0018152310612887272,0.01051240618052786,,,132,15.103258805556978,0.991304347826087,0.2,1730252df914174a,ok
54cec30077b5,sandbox_ransom_slowburn,500,300,2,466,8,8,1.0,58,0.0018152310612887272,0.01051240618052786,,,132,15.103258805556978,0.9827586206896551,0.2,1730252df914174a,ok
54cec30077b5,sandbox_ransom_slowburn,500,300,2,466,16,4,0.25,113,0.0018152310612887272,0.01051240618052786,,,132,15.103258805556978,0.9911504424778761,0.4,1730252df914174a,ok
54cec30077b5,sandbox_ransom_slowburn,500,300,2,466,16,8,0.5,57,0.0018152310612887272,0.01051240618052786,,,132,15.103258805556978,0.9824561403508771,0.4,1730252df914174a,ok
54cec30077b5,sandbox_ransom_slowburn,500,300,2,466,16,16,1.0,29,0.0018152310612887272,0.01051240618052786,,,132,15.103258805556978,0.9655172413793104,0.4,1730252df914174a,ok
54cec30077b5,sandbox_ransom_slowburn,500,300,2,466,32,8,0.25,55,0.0018152310612887272,0.01051240618052786,,,132,15.103258805556978,1.0,0.8,1730252df914174a,ok
54cec30077b5,sandbox_ransom_slowburn,500,300,2,466,32,16,0.5,28,0.0018152310612887272,0.01051240618052786,,,132,15.103258805556978,1.0,0.8,1730252df914174a,ok
54cec30077b5,sandbox_ransom_slowburn,500,300,2,466,32,32,1.0,14,0.0018152310612887272,0.01051240618052786,,,132,15.103258805556978,1.0,0.8,1730252df914174a,ok
54cec30077b5,sandbox_ransom_slowburn,500,300,2,466,64,16,0.25,26,0.0018152310612887272,0.01051240618052786,,,132,15.103258805556978,1.0,1.6,1730252df914174a,ok
54cec30077b5,sandbox_ransom_slowburn,500,300,2,466,64,32,0.5,13,0.0018152310612887272,0.01051240618052786,,,132,15.103258805556978,1.0,1.6,1730252df914174a,ok
54cec30077b5,sandbox_ransom_slowburn,500,300,2,466,64,64,1.0,7,0.0018152310612887272,0.01051240618052786,,,132,15.103258805556978,1.0,1.6,1730252df914174a,ok
5a4504b81972,sandbox_ransom_batched,500,600,1,973,8,2,0.25,483,0.007707374313997463,0.001060114704292247,,,954,10.244822185592849,0.9834368530020704,0.2,2ebd9cb3c61e84ca,ok
5a4504b81972,sandbox_ransom_batched,500,600,1,973,8,4,0.5,242,0.007707374313997463,0.001060114704292247,,,954,10.244822185592849,0.9793388429752066,0.2,2ebd9cb3c61e84ca,ok
5a4504b81972,sandbox_ransom_batched,500,600,1,973,8,8,1.0,121,0.007707374313997463,0.001060114704292247,,,954,10.244822185592849,0.9752066115702479,0.2,2ebd9cb3c61e84ca,ok
5a4504b81972,sandbox_ransom_batched,500,600,1,973,16,4,0.25,240,0.007707374313997463,0.001060114704292247,,,954,10.244822185592849,0.9916666666666667,0.4,2ebd9cb3c61e84ca,ok
5a4504b81972,sandbox_ransom_batched,500,600,1,973,16,8,0.5,120,0.007707374313997463,0.001060114704292247,,,954,10.244822185592849,0.9916666666666667,0.4,2ebd9cb3c61e84ca,ok
5a4504b81972,sandbox_ransom_batched,500,600,1,973,16,16,1.0,60,0.007707374313997463,0.001060114704292247,,,954,10.244822185592849,0.9833333333333333,0.4,2ebd9cb3c61e84ca,ok
5a4504b81972,sandbox_ransom_batched,500,600,1,973,32,8,0.25,118,0.007707374313997463,0.001060114704292247,,,954,10.244822185592849,1.0,0.8,2ebd9cb3c61e84ca,ok
5a4504b81972,sandbox_ransom_batched,500,600,1,973,32,16,0.5,59,0.007707374313997463,0.001060114704292247,,,954,10.244822185592849,1.0,0.8,2ebd9cb3c61e84ca,ok
5a4504b81972,sandbox_ransom_batched,500,600,1,973,32,32,1.0,30,0.007707374313997463,0.001060114704292247,,,954,10.244822185592849,1.0,0.8,2ebd9cb3c61e84ca,ok
5a4504b81972,sandbox_ransom_batched,500,600,1,973,64,16,0.25,57,0.007707374313997463,0.001060114704292247,,,954,10.244822185592849,1.0,1.6,2ebd9cb3c61e84ca,ok
5a4504b81972,sandbox_ransom_batched,500,600,1,973,64,32,0.5,29,0.007707374313997463,0.001060114704292247,,,954,10.244822185592849,1.0,1.6,2ebd9cb3c61e84ca,ok
5a4504b81972,sandbox_ransom_batched,500,600,1,973,64,64,1.0,15,0.007707374313997463,0.001060114704292247,,,954,10.244822185592849,1.0,1.6,2ebd9cb3c61e84ca,ok
5f804715ffb9,sandbox_ransom_slowburn,500,300,1,467,8,2,0.25,230,0.0017659107673857401,0.010501135804638063,,,436,13.847932776078611,0.9956521739130435,0.2,f60d1dcbd64738ad,ok
5f804715ffb9,sandbox_ransom_slowburn,500,300,1,467,8,4,0.5,115,0.0017659107673857401,0.010501135804638063,,,436,13.847932776078611,0.991304347826087,0.2,f60d1dcbd64738ad,ok
5f804715ffb9,sandbox_ransom_slowburn,500,300,1,467,8,8,1.0,58,0.0017659107673857401,0.010501135804638063,,,436,13.847932776078611,0.9827586206896551,0.2,f60d1dcbd64738ad,ok
5f804715ffb9,sandbox_ransom_slowburn,500,300,1,467,16,4,0.25,113,0.0017659107673857401,0.010501135804638063,,,436,13.847932776078611,0.9911504424778761,0.4,f60d1dcbd64738ad,ok
5f804715ffb9,sandbox_ransom_slowburn,500,300,1,467,16,8,0.5,57,0.0017659107673857401,0.010501135804638063,,,436,13.847932776078611,0.9824561403508771,0.4,f60d1dcbd64738ad,ok
5f804715ffb9,sandbox_ransom_slowburn,500,300,1,467,16,16,1.0,29,0.0017659107673857401,0.010501135804638063,,,436,13.847932776078611,0.9655172413793104,0.4,f60d1dcbd64738ad,ok
5f804715ffb9,sandbox_ransom_slowburn,500,300,1,467,32,8,0.25,55,0.0017659107673857401,0.010501135804638063,,,436,13.847932776078611,1.0,0.8,f60d1dcbd64738ad,ok
5f804715ffb9,sandbox_ransom_slowburn,500,300,1,467,32,16,0.5,28,0.0017659107673857401,0.010501135804638063,,,436,13.847932776078611,1.0,0.8,f60d1dcbd64738ad,ok
5f804715ffb9,sandbox_ransom_slowburn,500,300,1,467,32,32,1.0,14,0.0017659107673857401,0.010501135804638063,,,436,13.847932776078611,1.0,0.8,f60d1dcbd64738ad,ok
5f804715ffb9,sandbox_ransom_slowburn,500,300,1,467,64,16,0.25,26,0.0017659107673857401,0.010501135804638063,,,436,13.847932776078611,1.0,1.6,f60d1dcbd64738ad,ok
5f804715ffb9,sandbox_ransom_slowburn,500,300,1,467,64,32,0.5,13,0.0017659107673857401,0.010501135804638063,,,436,13.847932776078611,1.0,1.6,f60d1dcbd64738ad,ok
5f804715ffb9,sandbox_ransom_slowburn,500,300,1,467,64,64,1.0,7,0.0017659107673857401,0.010501135804638063,,,436,13.847932776078611,1.0,1.6,f60d1dcbd64738ad,ok
6a5b7afb2a58,mem_pagefault_density_v2,500,600,1,978,8,2,0.25,486,0.004635106810275275,0.006193826527993005,1.3369693062224963,,960,11.95741136728329,0.9979423868312757,0.13333333333333333,767f5b4d6cd90a97,ok
6a5b7afb2a58,mem_pagefault_density_v2,500,600,1,978,8,4,0.5,243,0.004635106810275275,0.006193826527993005,1.3369693062224963,,960,11.95741136728329,0.9958847736625515,0.13333333333333333,767f5b4d6cd90a97,ok
6a5b7afb2a58,mem_pagefault_density_v2,500,600,1,978,8,8,1.0,122,0.004635106810275275,0.006193826527993005,1.3369693062224963,,960,11.95741136728329,0.9918032786885246,0.13333333333333333,767f5b4d6cd90a97,ok
6a5b7afb2a58,mem_pagefault_density_v2,500,600,1,978,16,4,0.25,241,0.004635106810275275,0.006193826527993005,1.3369693062224963,,960,11.95741136728329,0.995850622406639,0.26666666666666666,767f5b4d6cd90a97,ok
6a5b7afb2a58,mem_pagefault_density_v2,500,600,1,978,16,8,0.5,121,0.004635106810275275,0.006193826527993005,1.3369693062224963,,960,11.95741136728329,0.9917355371900827,0.26666666666666666,767f5b4d6cd90a97,ok
6a5b7afb2a58,mem_pagefault_density_v2,500,600,1,978,16,16,1.0,61,0.004635106810275275,0.006193826527993005,1.3369693062224963,,960,11.95741136728329,0.9836065573770492,0.26666666666666666,767f5b4d6cd90a97,ok
6a5b7afb2a58,mem_pagefault_density_v2,500,600,1,978,32,8,0.25,119,0.004635106810275275,0.006193826527993005,1.3369693062224963,,960,11.95741136728329,0.9915966386554622,0.5333333333333333,767f5b4d6cd90a97,ok
6a5b7afb2a58,mem_pagefault_density_v2,500,600,1,978,32,16,0.5,60,0.004635106810275275,0.006193826527993005,1.3369693062224963,,960,11.95741136728329,0.9833333333333333,0.5333333333333333,767f5b4d6cd90a97,ok
6a5b7afb2a58,mem_pagefault_density_v2,500,600,1,978,32,32,1.0,30,0.004635106810275275,0.006193826527993005,1.3369693062224963,,960,11.95741136728329,0.9666666666666667,0.5333333333333333,767f5b4d6cd90a97,ok
6a5b7afb2a58,mem_pagefault_density_v2,500,600,1,978,64,16,0.25,58,0.004635106810275275,0.006193826527993005,1.3369693062224963,,960,11.95741136728329,1.0,1.0666666666666667,767f5b4d6cd90a97,ok
6a5b7afb2a58,mem_pagefault_density_v2,500,600,1,978,64,32,0.5,29,0.004635106810275275,0.006193826527993005,1.3369693062224963,,960,11.95741136728329,1.0,1.0666666666666667,767f5b4d6cd90a97,ok
6a5b7afb2a58,mem_pagefault_density_v2,500,600,1,978,64,64,1.0,15,0.004635106810275275,0.006193826527993005,1.3369693062224963,,960,11.95741136728329,1.0,1.0666666666666667,767f5b4d6cd90a97,ok
6e6a4ac8b787,app_hashtable_intensive_v2,500,300,1,491,8,2,0.25,242,0.15431490740805195,0.11703246324985601,0.7591737261910368,,486,14.186132256284658,1.0,0.13333333333333333,47af15fcab820f3b,ok
6e6a4ac8b787,app_hashtable_intensive_v2,500,300,1,491,8,4,0.5,121,0.15431490740805195,0.11703246324985601,0.7591737261910368,,486,14.186132256284658,1.0,0.13333333333333333,47af15fcab820f3b,ok
6e6a4ac8b787,app_hashtable_intensive_v2,500,300,1,491,8,8,1.0,61,0.15431490740805195,0.11703246324985601,0.7591737261910368,,486,14.186132256284658,1.0,0.13333333333333333,47af15fcab820f3b,ok
6e6a4ac8b787,app_hashtable_intensive_v2,500,300,1,491,16,4,0.25,119,0.15431490740805195,0.11703246324985601,0.7591737261910368,,486,14.186132256284658,1.0,0.26666666666666666,47af15fcab820f3b,ok
6e6a4ac8b787,app_hashtable_intensive_v2,500,300,1,491,16,8,0.5,60,0.15431490740805195,0.11703246324985601,0.7591737261910368,,486,14.186132256284658,1.0,0.26666666666666666,47af15fcab820f3b,ok
6e6a4ac8b787,app_hashtable_intensive_v2,500,300,1,491,16,16,1.0,30,0.15431490740805195,0.11703246324985601,0.7591737261910368,,486,14.186132256284658,1.0,0.26666666666666666,47af15fcab820f3b,ok
6e6a4ac8b787,app_hashtable_intensive_v2,500,300,1,491,32,8,0.25,58,0.15431490740805195,0.11703246324985601,0.7591737261910368,,486,14.186132256284658,1.0,0.5333333333333333,47af15fcab820f3b,ok
6e6a4ac8b787,app_hashtable_intensive_v2,500,300,1,491,32,16,0.5,29,0.15431490740805195,0.11703246324985601,0.7591737261910368,,486,14.186132256284658,1.0,0.5333333333333333,47af15fcab820f3b,ok
6e6a4ac8b787,app_hashtable_intensive_v2,500,300,1,491,32,32,1.0,15,0.15431490740805195,0.11703246324985601,0.7591737261910368,,486,14.186132256284658,1.0,0.5333333333333333,47af15fcab820f3b,ok
6e6a4ac8b787,app_hashtable_intensive_v2,500,300,1,491,64,16,0.25,27,0.15431490740805195,0.11703246324985601,0.7591737261910368,,486,14.186132256284658,1.0,1.0666666666666667,47af15fcab820f3b,ok
6e6a4ac8b787,app_hashtable_intensive_v2,500,300,1,491,64,32,0.5,14,0.15431490740805195,0.11703246324985601,0.7591737261910368,,486,14.186132256284658,1.0,1.0666666666666667,47af15fcab820f3b,ok
6e6a4ac8b787,app_hashtable_intensive_v2,500,300,1,491,64,64,1.0,7,0.15431490740805195,0.11703246324985601,0.7591737261910368,,486,14.186132256284658,1.0,1.0666666666666667,47af15fcab820f3b,ok
709df8c2d5ec,mem_rmw_intensity_v2,500,120,1,194,8,2,0.25,94,0.21899583167636516,0.058050883347373274,0.26576341425112326,,75,7.3264788290611325,0.9680851063829787,0.13333333333333333,7e4ecca33886cb94,ok
709df8c2d5ec,mem_rmw_intensity_v2,500,120,1,194,8,4,0.5,47,0.21899583167636516,0.058050883347373274,0.26576341425112326,,75,7.3264788290611325,0.9574468085106383,0.13333333333333333,7e4ecca33886cb94,ok
709df8c2d5ec,mem_rmw_intensity_v2,500,120,1,194,8,8,1.0,24,0.21899583167636516,0.058050883347373274,0.26576341425112326,,75,7.3264788290611325,0.9583333333333334,0.13333333333333333,7e4ecca33886cb94,ok
709df8c2d5ec,mem_rmw_intensity_v2,500,120,1,194,16,4,0.25,45,0.21899583167636516,0.058050883347373274,0.26576341425112326,,75,7.3264788290611325,1.0,0.26666666666666666,7e4ecca33886cb94,ok
709df8c2d5ec,mem_rmw_intensity_v2,500,120,1,194,16,8,0.5,23,0.21899583167636516,0.058050883347373274,0.26576341425112326,,75,7.3264788290611325,1.0,0.26666666666666666,7e4ecca33886cb94,ok
709df8c2d5ec,mem_rmw_intensity_v2,500,120,1,194,16,16,1.0,12,0.21899583167636516,0.058050883347373274,0.26576341425112326,,75,7.3264788290611325,1.0,0.26666666666666666,7e4ecca33886cb94,ok
709df8c2d5ec,mem_rmw_intensity_v2,500,120,1,194,32,8,0.25,21,0.21899583167636516,0.058050883347373274,0.26576341425112326,,75,7.3264788290611325,1.0,0.5333333333333333,7e4ecca33886cb94,ok
709df8c2d5ec,mem_rmw_intensity_v2,500,120,1,194,32,16,0.5,11,0.21899583167636516,0.058050883347373274,0.26576341425112326,,75,7.3264788290611325,1.0,0.5333333333333333,7e4ecca33886cb94,ok
709df8c2d5ec,mem_rmw_intensity_v2,500,120,1,194,32,32,1.0,6,0.21899583167636516,0.058050883347373274,0.26576341425112326,,75,7.3264788290611325,1.0,0.5333333333333333,7e4ecca33886cb94,ok
709df8c2d5ec,mem_rmw_intensity_v2,500,120,1,194,64,16,0.25,9,0.21899583167636516,0.058050883347373274,0.26576341425112326,,75,7.3264788290611325,1.0,1.0666666666666667,7e4ecca33886cb94,ok
709df8c2d5ec,mem_rmw_intensity_v2,500,120,1,194,64,32,0.5,5,0.21899583167636516,0.058050883347373274,0.26576341425112326,,75,7.3264788290611325,1.0,1.0666666666666667,7e4ecca33886cb94,ok
709df8c2d5ec,mem_rmw_intensity_v2,500,120,1,194,64,64,1.0,3,0.21899583167636516,0.058050883347373274,0.26576341425112326,,75,7.3264788290611325,1.0,1.0666666666666667,7e4ecca33886cb94,ok
729d223f1507,sandbox_ransom_seq,500,120,2,43,8,2,0.25,18,0.36265422022619914,0.10568180104191012,,,40,8.15875952307596,1.0,0.2,a5889773f912edfa,ok
729d223f1507,sandbox_ransom_seq,500,120,2,43,8,4,0.5,9,0.36265422022619914,0.10568180104191012,,,40,8.15875952307596,1.0,0.2,a5889773f912edfa,ok
729d223f1507,sandbox_ransom_seq,500,120,2,43,8,8,1.0,5,0.36265422022619914,0.10568180104191012,,,40,8.15875952307596,1.0,0.2,a5889773f912edfa,ok
729d223f1507,sandbox_ransom_seq,500,120,2,43,16,4,0.25,7,0.36265422022619914,0.10568180104191012,,,40,8.15875952307596,1.0,0.4,a5889773f912edfa,ok
729d223f1507,sandbox_ransom_seq,500,120,2,43,16,8,0.5,4,0.36265422022619914,0.10568180104191012,,,40,8.15875952307596,1.0,0.4,a5889773f912edfa,ok
729d223f1507,sandbox_ransom_seq,500,120,2,43,16,16,1.0,2,0.36265422022619914,0.10568180104191012,,,40,8.15875952307596,1.0,0.4,a5889773f912edfa,ok
729d223f1507,sandbox_ransom_seq,500,120,2,43,32,8,0.25,2,0.36265422022619914,0.10568180104191012,,,40,8.15875952307596,1.0,0.8,a5889773f912edfa,ok
729d223f1507,sandbox_ransom_seq,500,120,2,43,32,16,0.5,1,0.36265422022619914,0.10568180104191012,,,40,8.15875952307596,1.0,0.8,a5889773f912edfa,ok
729d223f1507,sandbox_ransom_seq,500,120,2,43,32,32,1.0,1,0.36265422022619914,0.10568180104191012,,,40,8.15875952307596,1.0,0.8,a5889773f912edfa,ok
729d223f1507,sandbox_ransom_seq,500,120,2,43,64,16,0.25,0,,,,,,,,1.6,a5889773f912edfa,skip:short
729d223f1507,sandbox_ransom_seq,500,120,2,43,64,32,0.5,0,,,,,,,,1.6,a5889773f912edfa,skip:short
729d223f1507,sandbox_ransom_seq,500,120,2,43,64,64,1.0,0,,,,,,,,1.6,a5889773f912edfa,skip:short
732d69f73616,mem_writemag_sweep_v2,500,120,1,197,8,2,0.25,95,0.25094780704091646,0.0024304902769660824,0.009709917961230432,,35,7.883808699835683,0.968421052631579,0.13333333333333333,5d8c5e3babcf0611,ok
732d69f73616,mem_writemag_sweep_v2,500,120,1,197,8,4,0.5,48,0.25094780704091646,0.0024304902769660824,0.009709917961230432,,35,7.883808699835683,0.9583333333333334,0.13333333333333333,5d8c5e3babcf0611,ok
732d69f73616,mem_writemag_sweep_v2,500,120,1,197,8,8,1.0,24,0.25094780704091646,0.0024304902769660824,0.009709917961230432,,35,7.883808699835683,0.9166666666666666,0.13333333333333333,5d8c5e3babcf0611,ok
732d69f73616,mem_writemag_sweep_v2,500,120,1,197,16,4,0.25,46,0.25094780704091646,0.0024304902769660824,0.009709917961230432,,35,7.883808699835683,0.9782608695652174,0.26666666666666666,5d8c5e3babcf0611,ok
732d69f73616,mem_writemag_sweep_v2,500,120,1,197,16,8,0.5,23,0.25094780704091646,0.0024304902769660824,0.009709917961230432,,35,7.883808699835683,0.9565217391304348,0.26666666666666666,5d8c5e3babcf0611,ok
732d69f73616,mem_writemag_sweep_v2,500,120,1,197,16,16,1.0,12,0.25094780704091646,0.0024304902769660824,0.009709917961230432,,35,7.883808699835683,0.9166666666666666,0.26666666666666666,5d8c5e3babcf0611,ok
732d69f73616,mem_writemag_sweep_v2,500,120,1,197,32,8,0.25,21,0.25094780704091646,0.0024304902769660824,0.009709917961230432,,35,7.883808699835683,1.0,0.5333333333333333,5d8c5e3babcf0611,ok
732d69f73616,mem_writemag_sweep_v2,500,120,1,197,32,16,0.5,11,0.25094780704091646,0.0024304902769660824,0.009709917961230432,,35,7.883808699835683,1.0,0.5333333333333333,5d8c5e3babcf0611,ok
732d69f73616,mem_writemag_sweep_v2,500,120,1,197,32,32,1.0,6,0.25094780704091646,0.0024304902769660824,0.009709917961230432,,35,7.883808699835683,1.0,0.5333333333333333,5d8c5e3babcf0611,ok
732d69f73616,mem_writemag_sweep_v2,500,120,1,197,64,16,0.25,9,0.25094780704091646,0.0024304902769660824,0.009709917961230432,,35,7.883808699835683,1.0,1.0666666666666667,5d8c5e3babcf0611,ok
732d69f73616,mem_writemag_sweep_v2,500,120,1,197,64,32,0.5,5,0.25094780704091646,0.0024304902769660824,0.009709917961230432,,35,7.883808699835683,1.0,1.0666666666666667,5d8c5e3babcf0611,ok
732d69f73616,mem_writemag_sweep_v2,500,120,1,197,64,64,1.0,3,0.25094780704091646,0.0024304902769660824,0.009709917961230432,,35,7.883808699835683,1.0,1.0666666666666667,5d8c5e3babcf0611,ok
74a9731924aa,mem_pagefault_density_v2,500,600,2,854,8,2,0.25,424,0.004689366253533464,0.0061917354222249315,1.3211516038378506,,826,15.387779070776606,0.9976415094339622,0.13333333333333333,8179f14ba9f3449b,ok
74a9731924aa,mem_pagefault_density_v2,500,600,2,854,8,4,0.5,212,0.004689366253533464,0.0061917354222249315,1.3211516038378506,,826,15.387779070776606,0.9952830188679245,0.13333333333333333,8179f14ba9f3449b,ok
74a9731924aa,mem_pagefault_density_v2,500,600,2,854,8,8,1.0,106,0.004689366253533464,0.0061917354222249315,1.3211516038378506,,826,15.387779070776606,0.9905660377358491,0.13333333333333333,8179f14ba9f3449b,ok
74a9731924aa,mem_pagefault_density_v2,500,600,2,854,16,4,0.25,210,0.004689366253533464,0.0061917354222249315,1.3211516038378506,,826,15.387779070776606,0.9952380952380953,0.26666666666666666,8179f14ba9f3449b,ok
74a9731924aa,mem_pagefault_density_v2,500,600,2,854,16,8,0.5,105,0.004689366253533464,0.0061917354222249315,1.3211516038378506,,826,15.387779070776606,0.9904761904761905,0.26666666666666666,8179f14ba9f3449b,ok
74a9731924aa,mem_pagefault_density_v2,500,600,2,854,16,16,1.0,53,0.004689366253533464,0.0061917354222249315,1.3211516038378506,,826,15.387779070776606,0.9811320754716981,0.26666666666666666,8179f14ba9f3449b,ok
74a9731924aa,mem_pagefault_density_v2,500,600,2,854,32,8,0.25,103,0.004689366253533464,0.0061917354222249315,1.3211516038378506,,826,15.387779070776606,0.9902912621359223,0.5333333333333333,8179f14ba9f3449b,ok
74a9731924aa,mem_pagefault_density_v2,500,600,2,854,32,16,0.5,52,0.004689366253533464,0.0061917354222249315,1.3211516038378506,,826,15.387779070776606,0.9807692307692307,0.5333333333333333,8179f14ba9f3449b,ok
74a9731924aa,mem_pagefault_density_v2,500,600,2,854,32,32,1.0,26,0.004689366253533464,0.0061917354222249315,1.3211516038378506,,826,15.387779070776606,0.9615384615384616,0.5333333333333333,8179f14ba9f3449b,ok
74a9731924aa,mem_pagefault_density_v2,500,600,2,854,64,16,0.25,50,0.004689366253533464,0.0061917354222249315,1.3211516038378506,,826,15.387779070776606,1.0,1.0666666666666667,8179f14ba9f3449b,ok
74a9731924aa,mem_pagefault_density_v2,500,600,2,854,64,32,0.5,25,0.004689366253533464,0.0061917354222249315,1.3211516038378506,,826,15.387779070776606,1.0,1.0666666666666667,8179f14ba9f3449b,ok
74a9731924aa,mem_pagefault_density_v2,500,600,2,854,64,64,1.0,13,0.004689366253533464,0.0061917354222249315,1.3211516038378506,,826,15.387779070776606,1.0,1.0666666666666667,8179f14ba9f3449b,ok
76369559b38d,sandbox_ransom_selective,500,600,2,64,8,2,0.25,29,0.3547741174697876,0.1502582433909837,,,63,6.789781777998442,0.9310344827586207,0.2,8a6ea994c3ad4ef2,ok
76369559b38d,sandbox_ransom_selective,500,600,2,64,8,4,0.5,15,0.3547741174697876,0.1502582433909837,,,63,6.789781777998442,0.9333333333333333,0.2,8a6ea994c3ad4ef2,ok
76369559b38d,sandbox_ransom_selective,500,600,2,64,8,8,1.0,8,0.3547741174697876,0.1502582433909837,,,63,6.789781777998442,1.0,0.2,8a6ea994c3ad4ef2,ok
76369559b38d,sandbox_ransom_selective,500,600,2,64,16,4,0.25,13,0.3547741174697876,0.1502582433909837,,,63,6.789781777998442,1.0,0.4,8a6ea994c3ad4ef2,ok
76369559b38d,sandbox_ransom_selective,500,600,2,64,16,8,0.5,7,0.3547741174697876,0.1502582433909837,,,63,6.789781777998442,1.0,0.4,8a6ea994c3ad4ef2,ok
76369559b38d,sandbox_ransom_selective,500,600,2,64,16,16,1.0,4,0.3547741174697876,0.1502582433909837,,,63,6.789781777998442,1.0,0.4,8a6ea994c3ad4ef2,ok
76369559b38d,sandbox_ransom_selective,500,600,2,64,32,8,0.25,5,0.3547741174697876,0.1502582433909837,,,63,6.789781777998442,1.0,0.8,8a6ea994c3ad4ef2,ok
76369559b38d,sandbox_ransom_selective,500,600,2,64,32,16,0.5,3,0.3547741174697876,0.1502582433909837,,,63,6.789781777998442,1.0,0.8,8a6ea994c3ad4ef2,ok
76369559b38d,sandbox_ransom_selective,500,600,2,64,32,32,1.0,2,0.3547741174697876,0.1502582433909837,,,63,6.789781777998442,1.0,0.8,8a6ea994c3ad4ef2,ok
76369559b38d,sandbox_ransom_selective,500,600,2,64,64,16,0.25,1,0.3547741174697876,0.1502582433909837,,,63,6.789781777998442,1.0,1.6,8a6ea994c3ad4ef2,ok
76369559b38d,sandbox_ransom_selective,500,600,2,64,64,32,0.5,1,0.3547741174697876,0.1502582433909837,,,63,6.789781777998442,1.0,1.6,8a6ea994c3ad4ef2,ok
76369559b38d,sandbox_ransom_selective,500,600,2,64,64,64,1.0,1,0.3547741174697876,0.1502582433909837,,,63,6.789781777998442,1.0,1.6,8a6ea994c3ad4ef2,ok
7be0b19b1574,sandbox_ransom_slowburn,500,600,1,943,8,2,0.25,468,0.001651557606831588,0.010225288499269663,,,938,19.949169377357794,0.9935897435897436,0.2,c0d51782d91f1e80,ok
7be0b19b1574,sandbox_ransom_slowburn,500,600,1,943,8,4,0.5,234,0.001651557606831588,0.010225288499269663,,,938,19.949169377357794,0.9914529914529915,0.2,c0d51782d91f1e80,ok
7be0b19b1574,sandbox_ransom_slowburn,500,600,1,943,8,8,1.0,117,0.001651557606831588,0.010225288499269663,,,938,19.949169377357794,0.9914529914529915,0.2,c0d51782d91f1e80,ok
7be0b19b1574,sandbox_ransom_slowburn,500,600,1,943,16,4,0.25,232,0.001651557606831588,0.010225288499269663,,,938,19.949169377357794,0.9913793103448276,0.4,c0d51782d91f1e80,ok
7be0b19b1574,sandbox_ransom_slowburn,500,600,1,943,16,8,0.5,116,0.001651557606831588,0.010225288499269663,,,938,19.949169377357794,0.9913793103448276,0.4,c0d51782d91f1e80,ok
7be0b19b1574,sandbox_ransom_slowburn,500,600,1,943,16,16,1.0,58,0.001651557606831588,0.010225288499269663,,,938,19.949169377357794,0.9827586206896551,0.4,c0d51782d91f1e80,ok
7be0b19b1574,sandbox_ransom_slowburn,500,600,1,943,32,8,0.25,114,0.001651557606831588,0.010225288499269663,,,938,19.949169377357794,1.0,0.8,c0d51782d91f1e80,ok
7be0b19b1574,sandbox_ransom_slowburn,500,600,1,943,32,16,0.5,57,0.001651557606831588,0.010225288499269663,,,938,19.949169377357794,1.0,0.8,c0d51782d91f1e80,ok
7be0b19b1574,sandbox_ransom_slowburn,500,600,1,943,32,32,1.0,29,0.001651557606831588,0.010225288499269663,,,938,19.949169377357794,1.0,0.8,c0d51782d91f1e80,ok
7be0b19b1574,sandbox_ransom_slowburn,500,600,1,943,64,16,0.25,55,0.001651557606831588,0.010225288499269663,,,938,19.949169377357794,1.0,1.6,c0d51782d91f1e80,ok
7be0b19b1574,sandbox_ransom_slowburn,500,600,1,943,64,32,0.5,28,0.001651557606831588,0.010225288499269663,,,938,19.949169377357794,1.0,1.6,c0d51782d91f1e80,ok
7be0b19b1574,sandbox_ransom_slowburn,500,600,1,943,64,64,1.0,14,0.001651557606831588,0.010225288499269663,,,938,19.949169377357794,1.0,1.6,c0d51782d91f1e80,ok
86356b8ef5c7,sandbox_ransom_selective,500,120,2,33,8,2,0.25,13,0.36433803673946497,0.13304179889518528,,,31,4.556315693553736,1.0,0.2,1bf605c4bb3ba3e0,ok
86356b8ef5c7,sandbox_ransom_selective,500,120,2,33,8,4,0.5,7,0.36433803673946497,0.13304179889518528,,,31,4.556315693553736,1.0,0.2,1bf605c4bb3ba3e0,ok
86356b8ef5c7,sandbox_ransom_selective,500,120,2,33,8,8,1.0,4,0.36433803673946497,0.13304179889518528,,,31,4.556315693553736,1.0,0.2,1bf605c4bb3ba3e0,ok
86356b8ef5c7,sandbox_ransom_selective,500,120,2,33,16,4,0.25,5,0.36433803673946497,0.13304179889518528,,,31,4.556315693553736,1.0,0.4,1bf605c4bb3ba3e0,ok
86356b8ef5c7,sandbox_ransom_selective,500,120,2,33,16,8,0.5,3,0.36433803673946497,0.13304179889518528,,,31,4.556315693553736,1.0,0.4,1bf605c4bb3ba3e0,ok
86356b8ef5c7,sandbox_ransom_selective,500,120,2,33,16,16,1.0,2,0.36433803673946497,0.13304179889518528,,,31,4.556315693553736,1.0,0.4,1bf605c4bb3ba3e0,ok
86356b8ef5c7,sandbox_ransom_selective,500,120,2,33,32,8,0.25,1,0.36433803673946497,0.13304179889518528,,,31,4.556315693553736,1.0,0.8,1bf605c4bb3ba3e0,ok
86356b8ef5c7,sandbox_ransom_selective,500,120,2,33,32,16,0.5,1,0.36433803673946497,0.13304179889518528,,,31,4.556315693553736,1.0,0.8,1bf605c4bb3ba3e0,ok
86356b8ef5c7,sandbox_ransom_selective,500,120,2,33,32,32,1.0,1,0.36433803673946497,0.13304179889518528,,,31,4.556315693553736,1.0,0.8,1bf605c4bb3ba3e0,ok
86356b8ef5c7,sandbox_ransom_selective,500,120,2,33,64,16,0.25,0,,,,,,,,1.6,1bf605c4bb3ba3e0,skip:short
86356b8ef5c7,sandbox_ransom_selective,500,120,2,33,64,32,0.5,0,,,,,,,,1.6,1bf605c4bb3ba3e0,skip:short
86356b8ef5c7,sandbox_ransom_selective,500,120,2,33,64,64,1.0,0,,,,,,,,1.6,1bf605c4bb3ba3e0,skip:short
87c4d776940d,mem_mmap_traversal_v2,500,600,2,90,8,2,0.25,42,0.21760779486762152,0.05380176168158073,0.2486270057672451,,45,6.689698609523525,1.0,0.13333333333333333,35eec51e0fe85a63,ok
87c4d776940d,mem_mmap_traversal_v2,500,600,2,90,8,4,0.5,21,0.21760779486762152,0.05380176168158073,0.2486270057672451,,45,6.689698609523525,1.0,0.13333333333333333,35eec51e0fe85a63,ok
87c4d776940d,mem_mmap_traversal_v2,500,600,2,90,8,8,1.0,11,0.21760779486762152,0.05380176168158073,0.2486270057672451,,45,6.689698609523525,1.0,0.13333333333333333,35eec51e0fe85a63,ok
87c4d776940d,mem_mmap_traversal_v2,500,600,2,90,16,4,0.25,19,0.21760779486762152,0.05380176168158073,0.2486270057672451,,45,6.689698609523525,1.0,0.26666666666666666,35eec51e0fe85a63,ok
87c4d776940d,mem_mmap_traversal_v2,500,600,2,90,16,8,0.5,10,0.21760779486762152,0.05380176168158073,0.2486270057672451,,45,6.689698609523525,1.0,0.26666666666666666,35eec51e0fe85a63,ok
87c4d776940d,mem_mmap_traversal_v2,500,600,2,90,16,16,1.0,5,0.21760779486762152,0.05380176168158073,0.2486270057672451,,45,6.689698609523525,1.0,0.26666666666666666,35eec51e0fe85a63,ok
87c4d776940d,mem_mmap_traversal_v2,500,600,2,90,32,8,0.25,8,0.21760779486762152,0.05380176168158073,0.2486270057672451,,45,6.689698609523525,1.0,0.5333333333333333,35eec51e0fe85a63,ok
87c4d776940d,mem_mmap_traversal_v2,500,600,2,90,32,16,0.5,4,0.21760779486762152,0.05380176168158073,0.2486270057672451,,45,6.689698609523525,1.0,0.5333333333333333,35eec51e0fe85a63,ok
87c4d776940d,mem_mmap_traversal_v2,500,600,2,90,32,32,1.0,2,0.21760779486762152,0.05380176168158073,0.2486270057672451,,45,6.689698609523525,1.0,0.5333333333333333,35eec51e0fe85a63,ok
87c4d776940d,mem_mmap_traversal_v2,500,600,2,90,64,16,0.25,2,0.21760779486762152,0.05380176168158073,0.2486270057672451,,45,6.689698609523525,1.0,1.0666666666666667,35eec51e0fe85a63,ok
87c4d776940d,mem_mmap_traversal_v2,500,600,2,90,64,32,0.5,1,0.21760779486762152,0.05380176168158073,0.2486270057672451,,45,6.689698609523525,1.0,1.0666666666666667,35eec51e0fe85a63,ok
87c4d776940d,mem_mmap_traversal_v2,500,600,2,90,64,64,1.0,1,0.21760779486762152,0.05380176168158073,0.2486270057672451,,45,6.689698609523525,1.0,1.0666666666666667,35eec51e0fe85a63,ok
8fcdc1818c91,sandbox_ransom_batched,500,300,2,466,8,2,0.25,230,0.007645627459742992,0.001268508432995548,,,459,9.436457958845306,0.9869565217391304,0.2,330743ff605632db,ok
8fcdc1818c91,sandbox_ransom_batched,500,300,2,466,8,4,0.5,115,0.007645627459742992,0.001268508432995548,,,459,9.436457958845306,0.9826086956521739,0.2,330743ff605632db,ok
8fcdc1818c91,sandbox_ransom_batched,500,300,2,466,8,8,1.0,58,0.007645627459742992,0.001268508432995548,,,459,9.436457958845306,0.9827586206896551,0.2,330743ff605632db,ok
8fcdc1818c91,sandbox_ransom_batched,500,300,2,466,16,4,0.25,113,0.007645627459742992,0.001268508432995548,,,459,9.436457958845306,0.9911504424778761,0.4,330743ff605632db,ok
8fcdc1818c91,sandbox_ransom_batched,500,300,2,466,16,8,0.5,57,0.007645627459742992,0.001268508432995548,,,459,9.436457958845306,0.9824561403508771,0.4,330743ff605632db,ok
8fcdc1818c91,sandbox_ransom_batched,500,300,2,466,16,16,1.0,29,0.007645627459742992,0.001268508432995548,,,459,9.436457958845306,0.9655172413793104,0.4,330743ff605632db,ok
8fcdc1818c91,sandbox_ransom_batched,500,300,2,466,32,8,0.25,55,0.007645627459742992,0.001268508432995548,,,459,9.436457958845306,0.9818181818181818,0.8,330743ff605632db,ok
8fcdc1818c91,sandbox_ransom_batched,500,300,2,466,32,16,0.5,28,0.007645627459742992,0.001268508432995548,,,459,9.436457958845306,0.9642857142857143,0.8,330743ff605632db,ok
8fcdc1818c91,sandbox_ransom_batched,500,300,2,466,32,32,1.0,14,0.007645627459742992,0.001268508432995548,,,459,9.436457958845306,0.9285714285714286,0.8,330743ff605632db,ok
8fcdc1818c91,sandbox_ransom_batched,500,300,2,466,64,16,0.25,26,0.007645627459742992,0.001268508432995548,,,459,9.436457958845306,1.0,1.6,330743ff605632db,ok
8fcdc1818c91,sandbox_ransom_batched,500,300,2,466,64,32,0.5,13,0.007645627459742992,0.001268508432995548,,,459,9.436457958845306,1.0,1.6,330743ff605632db,ok
8fcdc1818c91,sandbox_ransom_batched,500,300,2,466,64,64,1.0,7,0.007645627459742992,0.001268508432995548,,,459,9.436457958845306,1.0,1.6,330743ff605632db,ok
95be1d61731a,mem_workingset_sweep_v2,500,300,2,488,8,2,0.25,241,0.2506705502994725,0.0014451993193648487,0.005771249691118656,,487,11.302847617974049,0.9585062240663901,0.13333333333333333,989ef605399e8552,ok
95be1d61731a,mem_workingset_sweep_v2,500,300,2,488,8,4,0.5,121,0.2506705502994725,0.0014451993193648487,0.005771249691118656,,487,11.302847617974049,0.9586776859504132,0.13333333333333333,989ef605399e8552,ok
95be1d61731a,mem_workingset_sweep_v2,500,300,2,488,8,8,1.0,61,0.2506705502994725,0.0014451993193648487,0.005771249691118656,,487,11.302847617974049,0.9508196721311475,0.13333333333333333,989ef605399e8552,ok
95be1d61731a,mem_workingset_sweep_v2,500,300,2,488,16,4,0.25,119,0.2506705502994725,0.0014451993193648487,0.005771249691118656,,487,11.302847617974049,0.9831932773109243,0.26666666666666666,989ef605399e8552,ok
95be1d61731a,mem_workingset_sweep_v2,500,300,2,488,16,8,0.5,60,0.2506705502994725,0.0014451993193648487,0.005771249691118656,,487,11.302847617974049,0.9833333333333333,0.26666666666666666,989ef605399e8552,ok
95be1d61731a,mem_workingset_sweep_v2,500,300,2,488,16,16,1.0,30,0.2506705502994725,0.0014451993193648487,0.005771249691118656,,487,11.302847617974049,0.9666666666666667,0.26666666666666666,989ef605399e8552,ok
95be1d61731a,mem_workingset_sweep_v2,500,300,2,488,32,8,0.25,58,0.2506705502994725,0.0014451993193648487,0.005771249691118656,,487,11.302847617974049,0.9827586206896551,0.5333333333333333,989ef605399e8552,ok
95be1d61731a,mem_workingset_sweep_v2,500,300,2,488,32,16,0.5,29,0.2506705502994725,0.0014451993193648487,0.005771249691118656,,487,11.302847617974049,0.9655172413793104,0.5333333333333333,989ef605399e8552,ok
95be1d61731a,mem_workingset_sweep_v2,500,300,2,488,32,32,1.0,15,0.2506705502994725,0.0014451993193648487,0.005771249691118656,,487,11.302847617974049,0.9333333333333333,0.5333333333333333,989ef605399e8552,ok
95be1d61731a,mem_workingset_sweep_v2,500,300,2,488,64,16,0.25,27,0.2506705502994725,0.0014451993193648487,0.005771249691118656,,487,11.302847617974049,1.0,1.0666666666666667,989ef605399e8552,ok
95be1d61731a,mem_workingset_sweep_v2,500,300,2,488,64,32,0.5,14,0.2506705502994725,0.0014451993193648487,0.005771249691118656,,487,11.302847617974049,1.0,1.0666666666666667,989ef605399e8552,ok
95be1d61731a,mem_workingset_sweep_v2,500,300,2,488,64,64,1.0,7,0.2506705502994725,0.0014451993193648487,0.005771249691118656,,487,11.302847617974049,1.0,1.0666666666666667,989ef605399e8552,ok
9983db77e02d,mem_rmw_intensity_v2,500,300,1,488,8,2,0.25,241,0.2211112663394115,0.05200164940843666,0.2354245112636381,,487,7.5086546044427935,0.991701244813278,0.13333333333333333,b43dd272b7c13870,ok
9983db77e02d,mem_rmw_intensity_v2,500,300,1,488,8,4,0.5,121,0.2211112663394115,0.05200164940843666,0.2354245112636381,,487,7.5086546044427935,0.9834710743801653,0.13333333333333333,b43dd272b7c13870,ok
9983db77e02d,mem_rmw_intensity_v2,500,300,1,488,8,8,1.0,61,0.2211112663394115,0.05200164940843666,0.2354245112636381,,487,7.5086546044427935,0.9836065573770492,0.13333333333333333,b43dd272b7c13870,ok
9983db77e02d,mem_rmw_intensity_v2,500,300,1,488,16,4,0.25,119,0.2211112663394115,0.05200164940843666,0.2354245112636381,,487,7.5086546044427935,1.0,0.26666666666666666,b43dd272b7c13870,ok
9983db77e02d,mem_rmw_intensity_v2,500,300,1,488,16,8,0.5,60,0.2211112663394115,0.05200164940843666,0.2354245112636381,,487,7.5086546044427935,1.0,0.26666666666666666,b43dd272b7c13870,ok
9983db77e02d,mem_rmw_intensity_v2,500,300,1,488,16,16,1.0,30,0.2211112663394115,0.05200164940843666,0.2354245112636381,,487,7.5086546044427935,1.0,0.26666666666666666,b43dd272b7c13870,ok
9983db77e02d,mem_rmw_intensity_v2,500,300,1,488,32,8,0.25,58,0.2211112663394115,0.05200164940843666,0.2354245112636381,,487,7.5086546044427935,1.0,0.5333333333333333,b43dd272b7c13870,ok
9983db77e02d,mem_rmw_intensity_v2,500,300,1,488,32,16,0.5,29,0.2211112663394115,0.05200164940843666,0.2354245112636381,,487,7.5086546044427935,1.0,0.5333333333333333,b43dd272b7c13870,ok
9983db77e02d,mem_rmw_intensity_v2,500,300,1,488,32,32,1.0,15,0.2211112663394115,0.05200164940843666,0.2354245112636381,,487,7.5086546044427935,1.0,0.5333333333333333,b43dd272b7c13870,ok
9983db77e02d,mem_rmw_intensity_v2,500,300,1,488,64,16,0.25,27,0.2211112663394115,0.05200164940843666,0.2354245112636381,,487,7.5086546044427935,1.0,1.0666666666666667,b43dd272b7c13870,ok
9983db77e02d,mem_rmw_intensity_v2,500,300,1,488,64,32,0.5,14,0.2211112663394115,0.05200164940843666,0.2354245112636381,,487,7.5086546044427935,1.0,1.0666666666666667,b43dd272b7c13870,ok
9983db77e02d,mem_rmw_intensity_v2,500,300,1,488,64,64,1.0,7,0.2211112663394115,0.05200164940843666,0.2354245112636381,,487,7.5086546044427935,1.0,1.0666666666666667,b43dd272b7c13870,ok
9ea427d73fbe,mem_writemag_sweep_v2,500,300,2,490,8,2,0.25,242,0.25068389736876195,0.0015222786127654614,0.006078708508618298,,488,9.90870089875336,0.9669421487603306,0.13333333333333333,aed571071de39f33,ok
9ea427d73fbe,mem_writemag_sweep_v2,500,300,2,490,8,4,0.5,121,0.25068389736876195,0.0015222786127654614,0.006078708508618298,,488,9.90870089875336,0.9586776859504132,0.13333333333333333,aed571071de39f33,ok
9ea427d73fbe,mem_writemag_sweep_v2,500,300,2,490,8,8,1.0,61,0.25068389736876195,0.0015222786127654614,0.006078708508618298,,488,9.90870089875336,0.9508196721311475,0.13333333333333333,aed571071de39f33,ok
9ea427d73fbe,mem_writemag_sweep_v2,500,300,2,490,16,4,0.25,119,0.25068389736876195,0.0015222786127654614,0.006078708508618298,,488,9.90870089875336,0.9831932773109243,0.26666666666666666,aed571071de39f33,ok
9ea427d73fbe,mem_writemag_sweep_v2,500,300,2,490,16,8,0.5,60,0.25068389736876195,0.0015222786127654614,0.006078708508618298,,488,9.90870089875336,0.9833333333333333,0.26666666666666666,aed571071de39f33,ok
9ea427d73fbe,mem_writemag_sweep_v2,500,300,2,490,16,16,1.0,30,0.25068389736876195,0.0015222786127654614,0.006078708508618298,,488,9.90870089875336,0.9666666666666667,0.26666666666666666,aed571071de39f33,ok
9ea427d73fbe,mem_writemag_sweep_v2,500,300,2,490,32,8,0.25,58,0.25068389736876195,0.0015222786127654614,0.006078708508618298,,488,9.90870089875336,0.9827586206896551,0.5333333333333333,aed571071de39f33,ok
9ea427d73fbe,mem_writemag_sweep_v2,500,300,2,490,32,16,0.5,29,0.25068389736876195,0.0015222786127654614,0.006078708508618298,,488,9.90870089875336,0.9655172413793104,0.5333333333333333,aed571071de39f33,ok
9ea427d73fbe,mem_writemag_sweep_v2,500,300,2,490,32,32,1.0,15,0.25068389736876195,0.0015222786127654614,0.006078708508618298,,488,9.90870089875336,0.9333333333333333,0.5333333333333333,aed571071de39f33,ok
9ea427d73fbe,mem_writemag_sweep_v2,500,300,2,490,64,16,0.25,27,0.25068389736876195,0.0015222786127654614,0.006078708508618298,,488,9.90870089875336,1.0,1.0666666666666667,aed571071de39f33,ok
9ea427d73fbe,mem_writemag_sweep_v2,500,300,2,490,64,32,0.5,14,0.25068389736876195,0.0015222786127654614,0.006078708508618298,,488,9.90870089875336,1.0,1.0666666666666667,aed571071de39f33,ok
9ea427d73fbe,mem_writemag_sweep_v2,500,300,2,490,64,64,1.0,7,0.25068389736876195,0.0015222786127654614,0.006078708508618298,,488,9.90870089875336,1.0,1.0666666666666667,aed571071de39f33,ok
a1ea1335c44c,sandbox_ransom_selective,500,600,1,96,8,2,0.25,45,0.36991333961486816,0.12011515638667941,,,95,5.1464589738440525,0.9555555555555556,0.2,ee8eeff6fe260a9e,ok
a1ea1335c44c,sandbox_ransom_selective,500,600,1,96,8,4,0.5,23,0.36991333961486816,0.12011515638667941,,,95,5.1464589738440525,0.9565217391304348,0.2,ee8eeff6fe260a9e,ok
a1ea1335c44c,sandbox_ransom_selective,500,600,1,96,8,8,1.0,12,0.36991333961486816,0.12011515638667941,,,95,5.1464589738440525,0.9166666666666666,0.2,ee8eeff6fe260a9e,ok
a1ea1335c44c,sandbox_ransom_selective,500,600,1,96,16,4,0.25,21,0.36991333961486816,0.12011515638667941,,,95,5.1464589738440525,1.0,0.4,ee8eeff6fe260a9e,ok
a1ea1335c44c,sandbox_ransom_selective,500,600,1,96,16,8,0.5,11,0.36991333961486816,0.12011515638667941,,,95,5.1464589738440525,1.0,0.4,ee8eeff6fe260a9e,ok
a1ea1335c44c,sandbox_ransom_selective,500,600,1,96,16,16,1.0,6,0.36991333961486816,0.12011515638667941,,,95,5.1464589738440525,1.0,0.4,ee8eeff6fe260a9e,ok
a1ea1335c44c,sandbox_ransom_selective,500,600,1,96,32,8,0.25,9,0.36991333961486816,0.12011515638667941,,,95,5.1464589738440525,1.0,0.8,ee8eeff6fe260a9e,ok
a1ea1335c44c,sandbox_ransom_selective,500,600,1,96,32,16,0.5,5,0.36991333961486816,0.12011515638667941,,,95,5.1464589738440525,1.0,0.8,ee8eeff6fe260a9e,ok
a1ea1335c44c,sandbox_ransom_selective,500,600,1,96,32,32,1.0,3,0.36991333961486816,0.12011515638667941,,,95,5.1464589738440525,1.0,0.8,ee8eeff6fe260a9e,ok
a1ea1335c44c,sandbox_ransom_selective,500,600,1,96,64,16,0.25,3,0.36991333961486816,0.12011515638667941,,,95,5.1464589738440525,1.0,1.6,ee8eeff6fe260a9e,ok
a1ea1335c44c,sandbox_ransom_selective,500,600,1,96,64,32,0.5,2,0.36991333961486816,0.12011515638667941,,,95,5.1464589738440525,1.0,1.6,ee8eeff6fe260a9e,ok
a1ea1335c44c,sandbox_ransom_selective,500,600,1,96,64,64,1.0,1,0.36991333961486816,0.12011515638667941,,,95,5.1464589738440525,1.0,1.6,ee8eeff6fe260a9e,ok
a4e9989ca6b0,app_hashtable_intensive_v2,500,120,2,196,8,2,0.25,95,0.15699976317736566,0.11660891075613884,0.7446350443289413,,192,14.492163823706814,1.0,0.13333333333333333,5664b1e8fb72f915,ok
a4e9989ca6b0,app_hashtable_intensive_v2,500,120,2,196,8,4,0.5,48,0.15699976317736566,0.11660891075613884,0.7446350443289413,,192,14.492163823706814,1.0,0.13333333333333333,5664b1e8fb72f915,ok
a4e9989ca6b0,app_hashtable_intensive_v2,500,120,2,196,8,8,1.0,24,0.15699976317736566,0.11660891075613884,0.7446350443289413,,192,14.492163823706814,1.0,0.13333333333333333,5664b1e8fb72f915,ok
a4e9989ca6b0,app_hashtable_intensive_v2,500,120,2,196,16,4,0.25,46,0.15699976317736566,0.11660891075613884,0.7446350443289413,,192,14.492163823706814,1.0,0.26666666666666666,5664b1e8fb72f915,ok
a4e9989ca6b0,app_hashtable_intensive_v2,500,120,2,196,16,8,0.5,23,0.15699976317736566,0.11660891075613884,0.7446350443289413,,192,14.492163823706814,1.0,0.26666666666666666,5664b1e8fb72f915,ok
a4e9989ca6b0,app_hashtable_intensive_v2,500,120,2,196,16,16,1.0,12,0.15699976317736566,0.11660891075613884,0.7446350443289413,,192,14.492163823706814,1.0,0.26666666666666666,5664b1e8fb72f915,ok
a4e9989ca6b0,app_hashtable_intensive_v2,500,120,2,196,32,8,0.25,21,0.15699976317736566,0.11660891075613884,0.7446350443289413,,192,14.492163823706814,1.0,0.5333333333333333,5664b1e8fb72f915,ok
a4e9989ca6b0,app_hashtable_intensive_v2,500,120,2,196,32,16,0.5,11,0.15699976317736566,0.11660891075613884,0.7446350443289413,,192,14.492163823706814,1.0,0.5333333333333333,5664b1e8fb72f915,ok
a4e9989ca6b0,app_hashtable_intensive_v2,500,120,2,196,32,32,1.0,6,0.15699976317736566,0.11660891075613884,0.7446350443289413,,192,14.492163823706814,1.0,0.5333333333333333,5664b1e8fb72f915,ok
a4e9989ca6b0,app_hashtable_intensive_v2,500,120,2,196,64,16,0.25,9,0.15699976317736566,0.11660891075613884,0.7446350443289413,,192,14.492163823706814,1.0,1.0666666666666667,5664b1e8fb72f915,ok
a4e9989ca6b0,app_hashtable_intensive_v2,500,120,2,196,64,32,0.5,5,0.15699976317736566,0.11660891075613884,0.7446350443289413,,192,14.492163823706814,1.0,1.0666666666666667,5664b1e8fb72f915,ok
a4e9989ca6b0,app_hashtable_intensive_v2,500,120,2,196,64,64,1.0,3,0.15699976317736566,0.11660891075613884,0.7446350443289413,,192,14.492163823706814,1.0,1.0666666666666667,5664b1e8fb72f915,ok
a6089649c5f5,mem_mmap_traversal_v2,500,300,1,360,8,2,0.25,177,0.183816040886773,0.07436258919402368,0.4051120124091567,,359,10.421313145089886,0.9830508474576272,0.13333333333333333,157ef89976d5a67c,ok
a6089649c5f5,mem_mmap_traversal_v2,500,300,1,360,8,4,0.5,89,0.183816040886773,0.07436258919402368,0.4051120124091567,,359,10.421313145089886,0.9775280898876404,0.13333333333333333,157ef89976d5a67c,ok
a6089649c5f5,mem_mmap_traversal_v2,500,300,1,360,8,8,1.0,45,0.183816040886773,0.07436258919402368,0.4051120124091567,,359,10.421313145089886,0.9777777777777777,0.13333333333333333,157ef89976d5a67c,ok
a6089649c5f5,mem_mmap_traversal_v2,500,300,1,360,16,4,0.25,87,0.183816040886773,0.07436258919402368,0.4051120124091567,,359,10.421313145089886,1.0,0.26666666666666666,157ef89976d5a67c,ok
a6089649c5f5,mem_mmap_traversal_v2,500,300,1,360,16,8,0.5,44,0.183816040886773,0.07436258919402368,0.4051120124091567,,359,10.421313145089886,1.0,0.26666666666666666,157ef89976d5a67c,ok
a6089649c5f5,mem_mmap_traversal_v2,500,300,1,360,16,16,1.0,22,0.183816040886773,0.07436258919402368,0.4051120124091567,,359,10.421313145089886,1.0,0.26666666666666666,157ef89976d5a67c,ok
a6089649c5f5,mem_mmap_traversal_v2,500,300,1,360,32,8,0.25,42,0.183816040886773,0.07436258919402368,0.4051120124091567,,359,10.421313145089886,1.0,0.5333333333333333,157ef89976d5a67c,ok
a6089649c5f5,mem_mmap_traversal_v2,500,300,1,360,32,16,0.5,21,0.183816040886773,0.07436258919402368,0.4051120124091567,,359,10.421313145089886,1.0,0.5333333333333333,157ef89976d5a67c,ok
a6089649c5f5,mem_mmap_traversal_v2,500,300,1,360,32,32,1.0,11,0.183816040886773,0.07436258919402368,0.4051120124091567,,359,10.421313145089886,1.0,0.5333333333333333,157ef89976d5a67c,ok
a6089649c5f5,mem_mmap_traversal_v2,500,300,1,360,64,16,0.25,19,0.183816040886773,0.07436258919402368,0.4051120124091567,,359,10.421313145089886,1.0,1.0666666666666667,157ef89976d5a67c,ok
a6089649c5f5,mem_mmap_traversal_v2,500,300,1,360,64,32,0.5,10,0.183816040886773,0.07436258919402368,0.4051120124091567,,359,10.421313145089886,1.0,1.0666666666666667,157ef89976d5a67c,ok
a6089649c5f5,mem_mmap_traversal_v2,500,300,1,360,64,64,1.0,5,0.183816040886773,0.07436258919402368,0.4051120124091567,,359,10.421313145089886,1.0,1.0666666666666667,157ef89976d5a67c,ok
abb631ad584f,mem_mmap_traversal_v2,500,600,1,363,8,2,0.25,178,0.20218324267174587,0.06538421303331221,0.3238372259344518,,361,9.220241009450215,0.9775280898876404,0.13333333333333333,569604712f91c32f,ok
abb631ad584f,mem_mmap_traversal_v2,500,600,1,363,8,4,0.5,89,0.20218324267174587,0.06538421303331221,0.3238372259344518,,361,9.220241009450215,0.9775280898876404,0.13333333333333333,569604712f91c32f,ok
abb631ad584f,mem_mmap_traversal_v2,500,600,1,363,8,8,1.0,45,0.20218324267174587,0.06538421303331221,0.3238372259344518,,361,9.220241009450215,0.9777777777777777,0.13333333333333333,569604712f91c32f,ok
abb631ad584f,mem_mmap_traversal_v2,500,600,1,363,16,4,0.25,87,0.20218324267174587,0.06538421303331221,0.3238372259344518,,361,9.220241009450215,1.0,0.26666666666666666,569604712f91c32f,ok
abb631ad584f,mem_mmap_traversal_v2,500,600,1,363,16,8,0.5,44,0.20218324267174587,0.06538421303331221,0.3238372259344518,,361,9.220241009450215,1.0,0.26666666666666666,569604712f91c32f,ok
abb631ad584f,mem_mmap_traversal_v2,500,600,1,363,16,16,1.0,22,0.20218324267174587,0.06538421303331221,0.3238372259344518,,361,9.220241009450215,1.0,0.26666666666666666,569604712f91c32f,ok
abb631ad584f,mem_mmap_traversal_v2,500,600,1,363,32,8,0.25,42,0.20218324267174587,0.06538421303331221,0.3238372259344518,,361,9.220241009450215,1.0,0.5333333333333333,569604712f91c32f,ok
abb631ad584f,mem_mmap_traversal_v2,500,600,1,363,32,16,0.5,21,0.20218324267174587,0.06538421303331221,0.3238372259344518,,361,9.220241009450215,1.0,0.5333333333333333,569604712f91c32f,ok
abb631ad584f,mem_mmap_traversal_v2,500,600,1,363,32,32,1.0,11,0.20218324267174587,0.06538421303331221,0.3238372259344518,,361,9.220241009450215,1.0,0.5333333333333333,569604712f91c32f,ok
abb631ad584f,mem_mmap_traversal_v2,500,600,1,363,64,16,0.25,19,0.20218324267174587,0.06538421303331221,0.3238372259344518,,361,9.220241009450215,1.0,1.0666666666666667,569604712f91c32f,ok
abb631ad584f,mem_mmap_traversal_v2,500,600,1,363,64,32,0.5,10,0.20218324267174587,0.06538421303331221,0.3238372259344518,,361,9.220241009450215,1.0,1.0666666666666667,569604712f91c32f,ok
abb631ad584f,mem_mmap_traversal_v2,500,600,1,363,64,64,1.0,5,0.20218324267174587,0.06538421303331221,0.3238372259344518,,361,9.220241009450215,1.0,1.0666666666666667,569604712f91c32f,ok
bc89296b6858,mem_workingset_sweep_v2,500,120,2,194,8,2,0.25,94,0.2509458482879953,0.0020761632824121863,0.00829475764902976,,193,7.3477071439713,0.9680851063829787,0.13333333333333333,2052974567d61bc9,ok
bc89296b6858,mem_workingset_sweep_v2,500,120,2,194,8,4,0.5,47,0.2509458482879953,0.0020761632824121863,0.00829475764902976,,193,7.3477071439713,0.9574468085106383,0.13333333333333333,2052974567d61bc9,ok
bc89296b6858,mem_workingset_sweep_v2,500,120,2,194,8,8,1.0,24,0.2509458482879953,0.0020761632824121863,0.00829475764902976,,193,7.3477071439713,0.9166666666666666,0.13333333333333333,2052974567d61bc9,ok
bc89296b6858,mem_workingset_sweep_v2,500,120,2,194,16,4,0.25,45,0.2509458482879953,0.0020761632824121863,0.00829475764902976,,193,7.3477071439713,0.9777777777777777,0.26666666666666666,2052974567d61bc9,ok
bc89296b6858,mem_workingset_sweep_v2,500,120,2,194,16,8,0.5,23,0.2509458482879953,0.0020761632824121863,0.00829475764902976,,193,7.3477071439713,0.9565217391304348,0.26666666666666666,2052974567d61bc9,ok
bc89296b6858,mem_workingset_sweep_v2,500,120,2,194,16,16,1.0,12,0.2509458482879953,0.0020761632824121863,0.00829475764902976,,193,7.3477071439713,0.9166666666666666,0.26666666666666666,2052974567d61bc9,ok
bc89296b6858,mem_workingset_sweep_v2,500,120,2,194,32,8,0.25,21,0.2509458482879953,0.0020761632824121863,0.00829475764902976,,193,7.3477071439713,1.0,0.5333333333333333,2052974567d61bc9,ok
bc89296b6858,mem_workingset_sweep_v2,500,120,2,194,32,16,0.5,11,0.2509458482879953,0.0020761632824121863,0.00829475764902976,,193,7.3477071439713,1.0,0.5333333333333333,2052974567d61bc9,ok
bc89296b6858,mem_workingset_sweep_v2,500,120,2,194,32,32,1.0,6,0.2509458482879953,0.0020761632824121863,0.00829475764902976,,193,7.3477071439713,1.0,0.5333333333333333,2052974567d61bc9,ok
bc89296b6858,mem_workingset_sweep_v2,500,120,2,194,64,16,0.25,9,0.2509458482879953,0.0020761632824121863,0.00829475764902976,,193,7.3477071439713,1.0,1.0666666666666667,2052974567d61bc9,ok
bc89296b6858,mem_workingset_sweep_v2,500,120,2,194,64,32,0.5,5,0.2509458482879953,0.0020761632824121863,0.00829475764902976,,193,7.3477071439713,1.0,1.0666666666666667,2052974567d61bc9,ok
bc89296b6858,mem_workingset_sweep_v2,500,120,2,194,64,64,1.0,3,0.2509458482879953,0.0020761632824121863,0.00829475764902976,,193,7.3477071439713,1.0,1.0666666666666667,2052974567d61bc9,ok
bcc9ff30d38f,sandbox_scanner_metadata,500,300,1,492,8,2,0.25,243,0.03898488796823393,0.002644503909008916,,,491,8.109808868632419,0.9588477366255144,0.2,00ded78e4fe03845,ok
bcc9ff30d38f,sandbox_scanner_metadata,500,300,1,492,8,4,0.5,122,0.03898488796823393,0.002644503909008916,,,491,8.109808868632419,0.9590163934426229,0.2,00ded78e4fe03845,ok
bcc9ff30d38f,sandbox_scanner_metadata,500,300,1,492,8,8,1.0,61,0.03898488796823393,0.002644503909008916,,,491,8.109808868632419,0.9508196721311475,0.2,00ded78e4fe03845,ok
bcc9ff30d38f,sandbox_scanner_metadata,500,300,1,492,16,4,0.25,120,0.03898488796823393,0.002644503909008916,,,491,8.109808868632419,0.9916666666666667,0.4,00ded78e4fe03845,ok
bcc9ff30d38f,sandbox_scanner_metadata,500,300,1,492,16,8,0.5,60,0.03898488796823393,0.002644503909008916,,,491,8.109808868632419,0.9833333333333333,0.4,00ded78e4fe03845,ok
bcc9ff30d38f,sandbox_scanner_metadata,500,300,1,492,16,16,1.0,30,0.03898488796823393,0.002644503909008916,,,491,8.109808868632419,0.9666666666666667,0.4,00ded78e4fe03845,ok
bcc9ff30d38f,sandbox_scanner_metadata,500,300,1,492,32,8,0.25,58,0.03898488796823393,0.002644503909008916,,,491,8.109808868632419,1.0,0.8,00ded78e4fe03845,ok
bcc9ff30d38f,sandbox_scanner_metadata,500,300,1,492,32,16,0.5,29,0.03898488796823393,0.002644503909008916,,,491,8.109808868632419,1.0,0.8,00ded78e4fe03845,ok
bcc9ff30d38f,sandbox_scanner_metadata,500,300,1,492,32,32,1.0,15,0.03898488796823393,0.002644503909008916,,,491,8.109808868632419,1.0,0.8,00ded78e4fe03845,ok
bcc9ff30d38f,sandbox_scanner_metadata,500,300,1,492,64,16,0.25,27,0.03898488796823393,0.002644503909008916,,,491,8.109808868632419,1.0,1.6,00ded78e4fe03845,ok
bcc9ff30d38f,sandbox_scanner_metadata,500,300,1,492,64,32,0.5,14,0.03898488796823393,0.002644503909008916,,,491,8.109808868632419,1.0,1.6,00ded78e4fe03845,ok
bcc9ff30d38f,sandbox_scanner_metadata,500,300,1,492,64,64,1.0,7,0.03898488796823393,0.002644503909008916,,,491,8.109808868632419,1.0,1.6,00ded78e4fe03845,ok
c329d0bc2777,sandbox_ransom_slowburn,500,600,2,937,8,2,0.25,465,0.0016668150748107324,0.010201008505687054,,,935,21.183182128094195,0.9978494623655914,0.2,60f20a80da61735b,ok
c329d0bc2777,sandbox_ransom_slowburn,500,600,2,937,8,4,0.5,233,0.0016668150748107324,0.010201008505687054,,,935,21.183182128094195,0.9957081545064378,0.2,60f20a80da61735b,ok
c329d0bc2777,sandbox_ransom_slowburn,500,600,2,937,8,8,1.0,117,0.0016668150748107324,0.010201008505687054,,,935,21.183182128094195,0.9914529914529915,0.2,60f20a80da61735b,ok
c329d0bc2777,sandbox_ransom_slowburn,500,600,2,937,16,4,0.25,231,0.0016668150748107324,0.010201008505687054,,,935,21.183182128094195,0.9956709956709957,0.4,60f20a80da61735b,ok
c329d0bc2777,sandbox_ransom_slowburn,500,600,2,937,16,8,0.5,116,0.0016668150748107324,0.010201008505687054,,,935,21.183182128094195,0.9913793103448276,0.4,60f20a80da61735b,ok
c329d0bc2777,sandbox_ransom_slowburn,500,600,2,937,16,16,1.0,58,0.0016668150748107324,0.010201008505687054,,,935,21.183182128094195,0.9827586206896551,0.4,60f20a80da61735b,ok
c329d0bc2777,sandbox_ransom_slowburn,500,600,2,937,32,8,0.25,114,0.0016668150748107324,0.010201008505687054,,,935,21.183182128094195,1.0,0.8,60f20a80da61735b,ok
c329d0bc2777,sandbox_ransom_slowburn,500,600,2,937,32,16,0.5,57,0.0016668150748107324,0.010201008505687054,,,935,21.183182128094195,1.0,0.8,60f20a80da61735b,ok
c329d0bc2777,sandbox_ransom_slowburn,500,600,2,937,32,32,1.0,29,0.0016668150748107324,0.010201008505687054,,,935,21.183182128094195,1.0,0.8,60f20a80da61735b,ok
c329d0bc2777,sandbox_ransom_slowburn,500,600,2,937,64,16,0.25,55,0.0016668150748107324,0.010201008505687054,,,935,21.183182128094195,1.0,1.6,60f20a80da61735b,ok
c329d0bc2777,sandbox_ransom_slowburn,500,600,2,937,64,32,0.5,28,0.0016668150748107324,0.010201008505687054,,,935,21.183182128094195,1.0,1.6,60f20a80da61735b,ok
c329d0bc2777,sandbox_ransom_slowburn,500,600,2,937,64,64,1.0,14,0.0016668150748107324,0.010201008505687054,,,935,21.183182128094195,1.0,1.6,60f20a80da61735b,ok
c933f265b72c,sandbox_ransom_slowburn,500,120,1,186,8,2,0.25,90,0.002633248606035786,0.016312020213096166,,,172,16.22078140501656,0.9888888888888889,0.2,27c1560c5ee02da9,ok
c933f265b72c,sandbox_ransom_slowburn,500,120,1,186,8,4,0.5,45,0.002633248606035786,0.016312020213096166,,,172,16.22078140501656,0.9777777777777777,0.2,27c1560c5ee02da9,ok
c933f265b72c,sandbox_ransom_slowburn,500,120,1,186,8,8,1.0,23,0.002633248606035786,0.016312020213096166,,,172,16.22078140501656,0.9565217391304348,0.2,27c1560c5ee02da9,ok
c933f265b72c,sandbox_ransom_slowburn,500,120,1,186,16,4,0.25,43,0.002633248606035786,0.016312020213096166,,,172,16.22078140501656,1.0,0.4,27c1560c5ee02da9,ok
c933f265b72c,sandbox_ransom_slowburn,500,120,1,186,16,8,0.5,22,0.002633248606035786,0.016312020213096166,,,172,16.22078140501656,1.0,0.4,27c1560c5ee02da9,ok
c933f265b72c,sandbox_ransom_slowburn,500,120,1,186,16,16,1.0,11,0.002633248606035786,0.016312020213096166,,,172,16.22078140501656,1.0,0.4,27c1560c5ee02da9,ok
c933f265b72c,sandbox_ransom_slowburn,500,120,1,186,32,8,0.25,20,0.002633248606035786,0.016312020213096166,,,172,16.22078140501656,1.0,0.8,27c1560c5ee02da9,ok
c933f265b72c,sandbox_ransom_slowburn,500,120,1,186,32,16,0.5,10,0.002633248606035786,0.016312020213096166,,,172,16.22078140501656,1.0,0.8,27c1560c5ee02da9,ok
c933f265b72c,sandbox_ransom_slowburn,500,120,1,186,32,32,1.0,5,0.002633248606035786,0.016312020213096166,,,172,16.22078140501656,1.0,0.8,27c1560c5ee02da9,ok
c933f265b72c,sandbox_ransom_slowburn,500,120,1,186,64,16,0.25,8,0.002633248606035786,0.016312020213096166,,,172,16.22078140501656,1.0,1.6,27c1560c5ee02da9,ok
c933f265b72c,sandbox_ransom_slowburn,500,120,1,186,64,32,0.5,4,0.002633248606035786,0.016312020213096166,,,172,16.22078140501656,1.0,1.6,27c1560c5ee02da9,ok
c933f265b72c,sandbox_ransom_slowburn,500,120,1,186,64,64,1.0,2,0.002633248606035786,0.016312020213096166,,,172,16.22078140501656,1.0,1.6,27c1560c5ee02da9,ok
c98321915f16,sandbox_scanner_metadata,500,120,2,102,8,2,0.25,48,0.039173126220703125,0.003731179403664484,,,13,5.077394239654458,0.9791666666666666,0.2,e5f2fe8ca3397255,ok
c98321915f16,sandbox_scanner_metadata,500,120,2,102,8,4,0.5,24,0.039173126220703125,0.003731179403664484,,,13,5.077394239654458,0.9583333333333334,0.2,e5f2fe8ca3397255,ok
c98321915f16,sandbox_scanner_metadata,500,120,2,102,8,8,1.0,12,0.039173126220703125,0.003731179403664484,,,13,5.077394239654458,0.9166666666666666,0.2,e5f2fe8ca3397255,ok
c98321915f16,sandbox_scanner_metadata,500,120,2,102,16,4,0.25,22,0.039173126220703125,0.003731179403664484,,,13,5.077394239654458,1.0,0.4,e5f2fe8ca3397255,ok
c98321915f16,sandbox_scanner_metadata,500,120,2,102,16,8,0.5,11,0.039173126220703125,0.003731179403664484,,,13,5.077394239654458,1.0,0.4,e5f2fe8ca3397255,ok
c98321915f16,sandbox_scanner_metadata,500,120,2,102,16,16,1.0,6,0.039173126220703125,0.003731179403664484,,,13,5.077394239654458,1.0,0.4,e5f2fe8ca3397255,ok
c98321915f16,sandbox_scanner_metadata,500,120,2,102,32,8,0.25,9,0.039173126220703125,0.003731179403664484,,,13,5.077394239654458,1.0,0.8,e5f2fe8ca3397255,ok
c98321915f16,sandbox_scanner_metadata,500,120,2,102,32,16,0.5,5,0.039173126220703125,0.003731179403664484,,,13,5.077394239654458,1.0,0.8,e5f2fe8ca3397255,ok
c98321915f16,sandbox_scanner_metadata,500,120,2,102,32,32,1.0,3,0.039173126220703125,0.003731179403664484,,,13,5.077394239654458,1.0,0.8,e5f2fe8ca3397255,ok
c98321915f16,sandbox_scanner_metadata,500,120,2,102,64,16,0.25,3,0.039173126220703125,0.003731179403664484,,,13,5.077394239654458,1.0,1.6,e5f2fe8ca3397255,ok
c98321915f16,sandbox_scanner_metadata,500,120,2,102,64,32,0.5,2,0.039173126220703125,0.003731179403664484,,,13,5.077394239654458,1.0,1.6,e5f2fe8ca3397255,ok
c98321915f16,sandbox_scanner_metadata,500,120,2,102,64,64,1.0,1,0.039173126220703125,0.003731179403664484,,,13,5.077394239654458,1.0,1.6,e5f2fe8ca3397255,ok
cd40afa05e8c,mem_rmw_intensity_v2,500,300,2,488,8,2,0.25,241,0.2182850368687364,0.0555314521920056,0.25465985925026535,,455,7.152981734701776,0.9875518672199171,0.13333333333333333,532ccc68bb680701,ok
cd40afa05e8c,mem_rmw_intensity_v2,500,300,2,488,8,4,0.5,121,0.2182850368687364,0.0555314521920056,0.25465985925026535,,455,7.152981734701776,0.9834710743801653,0.13333333333333333,532ccc68bb680701,ok
cd40afa05e8c,mem_rmw_intensity_v2,500,300,2,488,8,8,1.0,61,0.2182850368687364,0.0555314521920056,0.25465985925026535,,455,7.152981734701776,0.9836065573770492,0.13333333333333333,532ccc68bb680701,ok
cd40afa05e8c,mem_rmw_intensity_v2,500,300,2,488,16,4,0.25,119,0.2182850368687364,0.0555314521920056,0.25465985925026535,,455,7.152981734701776,1.0,0.26666666666666666,532ccc68bb680701,ok
cd40afa05e8c,mem_rmw_intensity_v2,500,300,2,488,16,8,0.5,60,0.2182850368687364,0.0555314521920056,0.25465985925026535,,455,7.152981734701776,1.0,0.26666666666666666,532ccc68bb680701,ok
cd40afa05e8c,mem_rmw_intensity_v2,500,300,2,488,16,16,1.0,30,0.2182850368687364,0.0555314521920056,0.25465985925026535,,455,7.152981734701776,1.0,0.26666666666666666,532ccc68bb680701,ok
cd40afa05e8c,mem_rmw_intensity_v2,500,300,2,488,32,8,0.25,58,0.2182850368687364,0.0555314521920056,0.25465985925026535,,455,7.152981734701776,1.0,0.5333333333333333,532ccc68bb680701,ok
cd40afa05e8c,mem_rmw_intensity_v2,500,300,2,488,32,16,0.5,29,0.2182850368687364,0.0555314521920056,0.25465985925026535,,455,7.152981734701776,1.0,0.5333333333333333,532ccc68bb680701,ok
cd40afa05e8c,mem_rmw_intensity_v2,500,300,2,488,32,32,1.0,15,0.2182850368687364,0.0555314521920056,0.25465985925026535,,455,7.152981734701776,1.0,0.5333333333333333,532ccc68bb680701,ok
cd40afa05e8c,mem_rmw_intensity_v2,500,300,2,488,64,16,0.25,27,0.2182850368687364,0.0555314521920056,0.25465985925026535,,455,7.152981734701776,1.0,1.0666666666666667,532ccc68bb680701,ok
cd40afa05e8c,mem_rmw_intensity_v2,500,300,2,488,64,32,0.5,14,0.2182850368687364,0.0555314521920056,0.25465985925026535,,455,7.152981734701776,1.0,1.0666666666666667,532ccc68bb680701,ok
cd40afa05e8c,mem_rmw_intensity_v2,500,300,2,488,64,64,1.0,7,0.2182850368687364,0.0555314521920056,0.25465985925026535,,455,7.152981734701776,1.0,1.0666666666666667,532ccc68bb680701,ok
ce5141c32cbe,mem_writemag_sweep_v2,500,300,1,492,8,2,0.25,243,0.25068005507554464,0.00155527920180197,0.006210554657483365,,491,12.328459236162335,0.9711934156378601,0.13333333333333333,568ff92ccd242729,ok
ce5141c32cbe,mem_writemag_sweep_v2,500,300,1,492,8,4,0.5,122,0.25068005507554464,0.00155527920180197,0.006210554657483365,,491,12.328459236162335,0.9672131147540983,0.13333333333333333,568ff92ccd242729,ok
ce5141c32cbe,mem_writemag_sweep_v2,500,300,1,492,8,8,1.0,61,0.25068005507554464,0.00155527920180197,0.006210554657483365,,491,12.328459236162335,0.9508196721311475,0.13333333333333333,568ff92ccd242729,ok
ce5141c32cbe,mem_writemag_sweep_v2,500,300,1,492,16,4,0.25,120,0.25068005507554464,0.00155527920180197,0.006210554657483365,,491,12.328459236162335,0.9833333333333333,0.26666666666666666,568ff92ccd242729,ok
ce5141c32cbe,mem_writemag_sweep_v2,500,300,1,492,16,8,0.5,60,0.25068005507554464,0.00155527920180197,0.006210554657483365,,491,12.328459236162335,0.9833333333333333,0.26666666666666666,568ff92ccd242729,ok
ce5141c32cbe,mem_writemag_sweep_v2,500,300,1,492,16,16,1.0,30,0.25068005507554464,0.00155527920180197,0.006210554657483365,,491,12.328459236162335,0.9666666666666667,0.26666666666666666,568ff92ccd242729,ok
ce5141c32cbe,mem_writemag_sweep_v2,500,300,1,492,32,8,0.25,58,0.25068005507554464,0.00155527920180197,0.006210554657483365,,491,12.328459236162335,0.9827586206896551,0.5333333333333333,568ff92ccd242729,ok
ce5141c32cbe,mem_writemag_sweep_v2,500,300,1,492,32,16,0.5,29,0.25068005507554464,0.00155527920180197,0.006210554657483365,,491,12.328459236162335,0.9655172413793104,0.5333333333333333,568ff92ccd242729,ok
ce5141c32cbe,mem_writemag_sweep_v2,500,300,1,492,32,32,1.0,15,0.25068005507554464,0.00155527920180197,0.006210554657483365,,491,12.328459236162335,0.9333333333333333,0.5333333333333333,568ff92ccd242729,ok
ce5141c32cbe,mem_writemag_sweep_v2,500,300,1,492,64,16,0.25,27,0.25068005507554464,0.00155527920180197,0.006210554657483365,,491,12.328459236162335,1.0,1.0666666666666667,568ff92ccd242729,ok
ce5141c32cbe,mem_writemag_sweep_v2,500,300,1,492,64,32,0.5,14,0.25068005507554464,0.00155527920180197,0.006210554657483365,,491,12.328459236162335,1.0,1.0666666666666667,568ff92ccd242729,ok
ce5141c32cbe,mem_writemag_sweep_v2,500,300,1,492,64,64,1.0,7,0.25068005507554464,0.00155527920180197,0.006210554657483365,,491,12.328459236162335,1.0,1.0666666666666667,568ff92ccd242729,ok
d2821321d3f6,app_hashtable_intensive_v2,500,600,2,982,8,2,0.25,488,0.15353221466002298,0.11741596697964876,0.7651540560120086,,978,14.940368884307993,1.0,0.13333333333333333,d1f4a751895740cf,ok
d2821321d3f6,app_hashtable_intensive_v2,500,600,2,982,8,4,0.5,244,0.15353221466002298,0.11741596697964876,0.7651540560120086,,978,14.940368884307993,1.0,0.13333333333333333,d1f4a751895740cf,ok
d2821321d3f6,app_hashtable_intensive_v2,500,600,2,982,8,8,1.0,122,0.15353221466002298,0.11741596697964876,0.7651540560120086,,978,14.940368884307993,1.0,0.13333333333333333,d1f4a751895740cf,ok
d2821321d3f6,app_hashtable_intensive_v2,500,600,2,982,16,4,0.25,242,0.15353221466002298,0.11741596697964876,0.7651540560120086,,978,14.940368884307993,1.0,0.26666666666666666,d1f4a751895740cf,ok
d2821321d3f6,app_hashtable_intensive_v2,500,600,2,982,16,8,0.5,121,0.15353221466002298,0.11741596697964876,0.7651540560120086,,978,14.940368884307993,1.0,0.26666666666666666,d1f4a751895740cf,ok
d2821321d3f6,app_hashtable_intensive_v2,500,600,2,982,16,16,1.0,61,0.15353221466002298,0.11741596697964876,0.7651540560120086,,978,14.940368884307993,1.0,0.26666666666666666,d1f4a751895740cf,ok
d2821321d3f6,app_hashtable_intensive_v2,500,600,2,982,32,8,0.25,119,0.15353221466002298,0.11741596697964876,0.7651540560120086,,978,14.940368884307993,1.0,0.5333333333333333,d1f4a751895740cf,ok
d2821321d3f6,app_hashtable_intensive_v2,500,600,2,982,32,16,0.5,60,0.15353221466002298,0.11741596697964876,0.7651540560120086,,978,14.940368884307993,1.0,0.5333333333333333,d1f4a751895740cf,ok
d2821321d3f6,app_hashtable_intensive_v2,500,600,2,982,32,32,1.0,30,0.15353221466002298,0.11741596697964876,0.7651540560120086,,978,14.940368884307993,1.0,0.5333333333333333,d1f4a751895740cf,ok
d2821321d3f6,app_hashtable_intensive_v2,500,600,2,982,64,16,0.25,58,0.15353221466002298,0.11741596697964876,0.7651540560120086,,978,14.940368884307993,1.0,1.0666666666666667,d1f4a751895740cf,ok
d2821321d3f6,app_hashtable_intensive_v2,500,600,2,982,64,32,0.5,29,0.15353221466002298,0.11741596697964876,0.7651540560120086,,978,14.940368884307993,1.0,1.0666666666666667,d1f4a751895740cf,ok
d2821321d3f6,app_hashtable_intensive_v2,500,600,2,982,64,64,1.0,15,0.15353221466002298,0.11741596697964876,0.7651540560120086,,978,14.940368884307993,1.0,1.0666666666666667,d1f4a751895740cf,ok
d6e762d9fc7e,mem_writemag_sweep_v2,500,600,1,982,8,2,0.25,488,0.25056924062445307,0.0009695618441571662,0.0038714085017918162,,964,12.689165050478561,0.9713114754098361,0.13333333333333333,8003824713eab84e,ok
d6e762d9fc7e,mem_writemag_sweep_v2,500,600,1,982,8,4,0.5,244,0.25056924062445307,0.0009695618441571662,0.0038714085017918162,,964,12.689165050478561,0.9713114754098361,0.13333333333333333,8003824713eab84e,ok
d6e762d9fc7e,mem_writemag_sweep_v2,500,600,1,982,8,8,1.0,122,0.25056924062445307,0.0009695618441571662,0.0038714085017918162,,964,12.689165050478561,0.9754098360655737,0.13333333333333333,8003824713eab84e,ok
d6e762d9fc7e,mem_writemag_sweep_v2,500,600,1,982,16,4,0.25,242,0.25056924062445307,0.0009695618441571662,0.0038714085017918162,,964,12.689165050478561,0.9752066115702479,0.26666666666666666,8003824713eab84e,ok
d6e762d9fc7e,mem_writemag_sweep_v2,500,600,1,982,16,8,0.5,121,0.25056924062445307,0.0009695618441571662,0.0038714085017918162,,964,12.689165050478561,0.9669421487603306,0.26666666666666666,8003824713eab84e,ok
d6e762d9fc7e,mem_writemag_sweep_v2,500,600,1,982,16,16,1.0,61,0.25056924062445307,0.0009695618441571662,0.0038714085017918162,,964,12.689165050478561,0.9672131147540983,0.26666666666666666,8003824713eab84e,ok
d6e762d9fc7e,mem_writemag_sweep_v2,500,600,1,982,32,8,0.25,119,0.25056924062445307,0.0009695618441571662,0.0038714085017918162,,964,12.689165050478561,0.9747899159663865,0.5333333333333333,8003824713eab84e,ok
d6e762d9fc7e,mem_writemag_sweep_v2,500,600,1,982,32,16,0.5,60,0.25056924062445307,0.0009695618441571662,0.0038714085017918162,,964,12.689165050478561,0.9666666666666667,0.5333333333333333,8003824713eab84e,ok
d6e762d9fc7e,mem_writemag_sweep_v2,500,600,1,982,32,32,1.0,30,0.25056924062445307,0.0009695618441571662,0.0038714085017918162,,964,12.689165050478561,0.9666666666666667,0.5333333333333333,8003824713eab84e,ok
d6e762d9fc7e,mem_writemag_sweep_v2,500,600,1,982,64,16,0.25,58,0.25056924062445307,0.0009695618441571662,0.0038714085017918162,,964,12.689165050478561,0.9827586206896551,1.0666666666666667,8003824713eab84e,ok
d6e762d9fc7e,mem_writemag_sweep_v2,500,600,1,982,64,32,0.5,29,0.25056924062445307,0.0009695618441571662,0.0038714085017918162,,964,12.689165050478561,0.9655172413793104,1.0666666666666667,8003824713eab84e,ok
d6e762d9fc7e,mem_writemag_sweep_v2,500,600,1,982,64,64,1.0,15,0.25056924062445307,0.0009695618441571662,0.0038714085017918162,,964,12.689165050478561,0.9333333333333333,1.0666666666666667,8003824713eab84e,ok
d84c750f0590,sandbox_ransom_batched,500,300,1,488,8,2,0.25,241,0.007557673532454694,0.0011975504002517813,,,471,10.536301896798541,0.979253112033195,0.2,1f1f7c5d03d868fc,ok
d84c750f0590,sandbox_ransom_batched,500,300,1,488,8,4,0.5,121,0.007557673532454694,0.0011975504002517813,,,471,10.536301896798541,0.9834710743801653,0.2,1f1f7c5d03d868fc,ok
d84c750f0590,sandbox_ransom_batched,500,300,1,488,8,8,1.0,61,0.007557673532454694,0.0011975504002517813,,,471,10.536301896798541,0.9672131147540983,0.2,1f1f7c5d03d868fc,ok
d84c750f0590,sandbox_ransom_batched,500,300,1,488,16,4,0.25,119,0.007557673532454694,0.0011975504002517813,,,471,10.536301896798541,0.9915966386554622,0.4,1f1f7c5d03d868fc,ok
d84c750f0590,sandbox_ransom_batched,500,300,1,488,16,8,0.5,60,0.007557673532454694,0.0011975504002517813,,,471,10.536301896798541,0.9833333333333333,0.4,1f1f7c5d03d868fc,ok
d84c750f0590,sandbox_ransom_batched,500,300,1,488,16,16,1.0,30,0.007557673532454694,0.0011975504002517813,,,471,10.536301896798541,0.9666666666666667,0.4,1f1f7c5d03d868fc,ok
d84c750f0590,sandbox_ransom_batched,500,300,1,488,32,8,0.25,58,0.007557673532454694,0.0011975504002517813,,,471,10.536301896798541,1.0,0.8,1f1f7c5d03d868fc,ok
d84c750f0590,sandbox_ransom_batched,500,300,1,488,32,16,0.5,29,0.007557673532454694,0.0011975504002517813,,,471,10.536301896798541,1.0,0.8,1f1f7c5d03d868fc,ok
d84c750f0590,sandbox_ransom_batched,500,300,1,488,32,32,1.0,15,0.007557673532454694,0.0011975504002517813,,,471,10.536301896798541,1.0,0.8,1f1f7c5d03d868fc,ok
d84c750f0590,sandbox_ransom_batched,500,300,1,488,64,16,0.25,27,0.007557673532454694,0.0011975504002517813,,,471,10.536301896798541,1.0,1.6,1f1f7c5d03d868fc,ok
d84c750f0590,sandbox_ransom_batched,500,300,1,488,64,32,0.5,14,0.007557673532454694,0.0011975504002517813,,,471,10.536301896798541,1.0,1.6,1f1f7c5d03d868fc,ok
d84c750f0590,sandbox_ransom_batched,500,300,1,488,64,64,1.0,7,0.007557673532454694,0.0011975504002517813,,,471,10.536301896798541,1.0,1.6,1f1f7c5d03d868fc,ok
d91934cacea0,mem_workingset_sweep_v2,500,600,2,979,8,2,0.25,486,0.2505583056877534,0.0009574176129175798,0.0038230900489902766,,961,12.951438780034088,0.9753086419753086,0.13333333333333333,ce8195d5baa5a402,ok
d91934cacea0,mem_workingset_sweep_v2,500,600,2,979,8,4,0.5,243,0.2505583056877534,0.0009574176129175798,0.0038230900489902766,,961,12.951438780034088,0.9753086419753086,0.13333333333333333,ce8195d5baa5a402,ok
d91934cacea0,mem_workingset_sweep_v2,500,600,2,979,8,8,1.0,122,0.2505583056877534,0.0009574176129175798,0.0038230900489902766,,961,12.951438780034088,0.9754098360655737,0.13333333333333333,ce8195d5baa5a402,ok
d91934cacea0,mem_workingset_sweep_v2,500,600,2,979,16,4,0.25,241,0.2505583056877534,0.0009574176129175798,0.0038230900489902766,,961,12.951438780034088,0.979253112033195,0.26666666666666666,ce8195d5baa5a402,ok
d91934cacea0,mem_workingset_sweep_v2,500,600,2,979,16,8,0.5,121,0.2505583056877534,0.0009574176129175798,0.0038230900489902766,,961,12.951438780034088,0.9752066115702479,0.26666666666666666,ce8195d5baa5a402,ok
d91934cacea0,mem_workingset_sweep_v2,500,600,2,979,16,16,1.0,61,0.2505583056877534,0.0009574176129175798,0.0038230900489902766,,961,12.951438780034088,0.9672131147540983,0.26666666666666666,ce8195d5baa5a402,ok
d91934cacea0,mem_workingset_sweep_v2,500,600,2,979,32,8,0.25,119,0.2505583056877534,0.0009574176129175798,0.0038230900489902766,,961,12.951438780034088,0.9747899159663865,0.5333333333333333,ce8195d5baa5a402,ok
d91934cacea0,mem_workingset_sweep_v2,500,600,2,979,32,16,0.5,60,0.2505583056877534,0.0009574176129175798,0.0038230900489902766,,961,12.951438780034088,0.9666666666666667,0.5333333333333333,ce8195d5baa5a402,ok
d91934cacea0,mem_workingset_sweep_v2,500,600,2,979,32,32,1.0,30,0.2505583056877534,0.0009574176129175798,0.0038230900489902766,,961,12.951438780034088,0.9666666666666667,0.5333333333333333,ce8195d5baa5a402,ok
d91934cacea0,mem_workingset_sweep_v2,500,600,2,979,64,16,0.25,58,0.2505583056877534,0.0009574176129175798,0.0038230900489902766,,961,12.951438780034088,0.9827586206896551,1.0666666666666667,ce8195d5baa5a402,ok
d91934cacea0,mem_workingset_sweep_v2,500,600,2,979,64,32,0.5,29,0.2505583056877534,0.0009574176129175798,0.0038230900489902766,,961,12.951438780034088,0.9655172413793104,1.0666666666666667,ce8195d5baa5a402,ok
d91934cacea0,mem_workingset_sweep_v2,500,600,2,979,64,64,1.0,15,0.2505583056877534,0.0009574176129175798,0.0038230900489902766,,961,12.951438780034088,0.9333333333333333,1.0666666666666667,ce8195d5baa5a402,ok
df723fdc1b1a,mem_mmap_traversal_v2,500,120,2,44,8,2,0.25,19,0.17597354542125354,0.0699658918668592,0.40218984513211625,,43,6.3025357400477775,1.0,0.13333333333333333,964b7c1534db2adb,ok
df723fdc1b1a,mem_mmap_traversal_v2,500,120,2,44,8,4,0.5,10,0.17597354542125354,0.0699658918668592,0.40218984513211625,,43,6.3025357400477775,1.0,0.13333333333333333,964b7c1534db2adb,ok
df723fdc1b1a,mem_mmap_traversal_v2,500,120,2,44,8,8,1.0,5,0.17597354542125354,0.0699658918668592,0.40218984513211625,,43,6.3025357400477775,1.0,0.13333333333333333,964b7c1534db2adb,ok
df723fdc1b1a,mem_mmap_traversal_v2,500,120,2,44,16,4,0.25,8,0.17597354542125354,0.0699658918668592,0.40218984513211625,,43,6.3025357400477775,1.0,0.26666666666666666,964b7c1534db2adb,ok
df723fdc1b1a,mem_mmap_traversal_v2,500,120,2,44,16,8,0.5,4,0.17597354542125354,0.0699658918668592,0.40218984513211625,,43,6.3025357400477775,1.0,0.26666666666666666,964b7c1534db2adb,ok
df723fdc1b1a,mem_mmap_traversal_v2,500,120,2,44,16,16,1.0,2,0.17597354542125354,0.0699658918668592,0.40218984513211625,,43,6.3025357400477775,1.0,0.26666666666666666,964b7c1534db2adb,ok
df723fdc1b1a,mem_mmap_traversal_v2,500,120,2,44,32,8,0.25,2,0.17597354542125354,0.0699658918668592,0.40218984513211625,,43,6.3025357400477775,1.0,0.5333333333333333,964b7c1534db2adb,ok
df723fdc1b1a,mem_mmap_traversal_v2,500,120,2,44,32,16,0.5,1,0.17597354542125354,0.0699658918668592,0.40218984513211625,,43,6.3025357400477775,1.0,0.5333333333333333,964b7c1534db2adb,ok
df723fdc1b1a,mem_mmap_traversal_v2,500,120,2,44,32,32,1.0,1,0.17597354542125354,0.0699658918668592,0.40218984513211625,,43,6.3025357400477775,1.0,0.5333333333333333,964b7c1534db2adb,ok
df723fdc1b1a,mem_mmap_traversal_v2,500,120,2,44,64,16,0.25,0,,,,,,,,1.0666666666666667,964b7c1534db2adb,skip:short
df723fdc1b1a,mem_mmap_traversal_v2,500,120,2,44,64,32,0.5,0,,,,,,,,1.0666666666666667,964b7c1534db2adb,skip:short
df723fdc1b1a,mem_mmap_traversal_v2,500,120,2,44,64,64,1.0,0,,,,,,,,1.0666666666666667,964b7c1534db2adb,skip:short
e0ab2d3b39ab,sandbox_ransom_seq,500,600,1,108,8,2,0.25,51,0.3271668045609086,0.11889801610131932,,,107,7.978802734767653,0.9803921568627451,0.2,8077898716294af2,ok
e0ab2d3b39ab,sandbox_ransom_seq,500,600,1,108,8,4,0.5,26,0.3271668045609086,0.11889801610131932,,,107,7.978802734767653,0.9615384615384616,0.2,8077898716294af2,ok
e0ab2d3b39ab,sandbox_ransom_seq,500,600,1,108,8,8,1.0,13,0.3271668045609086,0.11889801610131932,,,107,7.978802734767653,0.9230769230769231,0.2,8077898716294af2,ok
e0ab2d3b39ab,sandbox_ransom_seq,500,600,1,108,16,4,0.25,24,0.3271668045609086,0.11889801610131932,,,107,7.978802734767653,1.0,0.4,8077898716294af2,ok
e0ab2d3b39ab,sandbox_ransom_seq,500,600,1,108,16,8,0.5,12,0.3271668045609086,0.11889801610131932,,,107,7.978802734767653,1.0,0.4,8077898716294af2,ok
e0ab2d3b39ab,sandbox_ransom_seq,500,600,1,108,16,16,1.0,6,0.3271668045609086,0.11889801610131932,,,107,7.978802734767653,1.0,0.4,8077898716294af2,ok
e0ab2d3b39ab,sandbox_ransom_seq,500,600,1,108,32,8,0.25,10,0.3271668045609086,0.11889801610131932,,,107,7.978802734767653,1.0,0.8,8077898716294af2,ok
e0ab2d3b39ab,sandbox_ransom_seq,500,600,1,108,32,16,0.5,5,0.3271668045609086,0.11889801610131932,,,107,7.978802734767653,1.0,0.8,8077898716294af2,ok
e0ab2d3b39ab,sandbox_ransom_seq,500,600,1,108,32,32,1.0,3,0.3271668045609086,0.11889801610131932,,,107,7.978802734767653,1.0,0.8,8077898716294af2,ok
e0ab2d3b39ab,sandbox_ransom_seq,500,600,1,108,64,16,0.25,3,0.3271668045609086,0.11889801610131932,,,107,7.978802734767653,1.0,1.6,8077898716294af2,ok
e0ab2d3b39ab,sandbox_ransom_seq,500,600,1,108,64,32,0.5,2,0.3271668045609086,0.11889801610131932,,,107,7.978802734767653,1.0,1.6,8077898716294af2,ok
e0ab2d3b39ab,sandbox_ransom_seq,500,600,1,108,64,64,1.0,1,0.3271668045609086,0.11889801610131932,,,107,7.978802734767653,1.0,1.6,8077898716294af2,ok
e2d735f7bdc2,sandbox_ransom_seq,500,300,1,49,8,2,0.25,21,0.3502805281658562,0.10677150721986474,,,47,7.690988625234566,1.0,0.2,d256e2f25a100c9d,ok
e2d735f7bdc2,sandbox_ransom_seq,500,300,1,49,8,4,0.5,11,0.3502805281658562,0.10677150721986474,,,47,7.690988625234566,1.0,0.2,d256e2f25a100c9d,ok
e2d735f7bdc2,sandbox_ransom_seq,500,300,1,49,8,8,1.0,6,0.3502805281658562,0.10677150721986474,,,47,7.690988625234566,1.0,0.2,d256e2f25a100c9d,ok
e2d735f7bdc2,sandbox_ransom_seq,500,300,1,49,16,4,0.25,9,0.3502805281658562,0.10677150721986474,,,47,7.690988625234566,1.0,0.4,d256e2f25a100c9d,ok
e2d735f7bdc2,sandbox_ransom_seq,500,300,1,49,16,8,0.5,5,0.3502805281658562,0.10677150721986474,,,47,7.690988625234566,1.0,0.4,d256e2f25a100c9d,ok
e2d735f7bdc2,sandbox_ransom_seq,500,300,1,49,16,16,1.0,3,0.3502805281658562,0.10677150721986474,,,47,7.690988625234566,1.0,0.4,d256e2f25a100c9d,ok
e2d735f7bdc2,sandbox_ransom_seq,500,300,1,49,32,8,0.25,3,0.3502805281658562,0.10677150721986474,,,47,7.690988625234566,1.0,0.8,d256e2f25a100c9d,ok
e2d735f7bdc2,sandbox_ransom_seq,500,300,1,49,32,16,0.5,2,0.3502805281658562,0.10677150721986474,,,47,7.690988625234566,1.0,0.8,d256e2f25a100c9d,ok
e2d735f7bdc2,sandbox_ransom_seq,500,300,1,49,32,32,1.0,1,0.3502805281658562,0.10677150721986474,,,47,7.690988625234566,1.0,0.8,d256e2f25a100c9d,ok
e2d735f7bdc2,sandbox_ransom_seq,500,300,1,49,64,16,0.25,0,,,,,,,,1.6,d256e2f25a100c9d,skip:short
e2d735f7bdc2,sandbox_ransom_seq,500,300,1,49,64,32,0.5,0,,,,,,,,1.6,d256e2f25a100c9d,skip:short
e2d735f7bdc2,sandbox_ransom_seq,500,300,1,49,64,64,1.0,0,,,,,,,,1.6,d256e2f25a100c9d,skip:short
e4a85b5d0d99,sandbox_scanner_metadata,500,600,1,946,8,2,0.25,470,0.039371050941515676,0.002874783529574555,,,945,10.164058971052444,0.9106382978723404,0.2,81672e133cb77764,ok
e4a85b5d0d99,sandbox_scanner_metadata,500,600,1,946,8,4,0.5,235,0.039371050941515676,0.002874783529574555,,,945,10.164058971052444,0.9106382978723404,0.2,81672e133cb77764,ok
e4a85b5d0d99,sandbox_scanner_metadata,500,600,1,946,8,8,1.0,118,0.039371050941515676,0.002874783529574555,,,945,10.164058971052444,0.9322033898305084,0.2,81672e133cb77764,ok
e4a85b5d0d99,sandbox_scanner_metadata,500,600,1,946,16,4,0.25,233,0.039371050941515676,0.002874783529574555,,,945,10.164058971052444,0.9699570815450643,0.4,81672e133cb77764,ok
e4a85b5d0d99,sandbox_scanner_metadata,500,600,1,946,16,8,0.5,117,0.039371050941515676,0.002874783529574555,,,945,10.164058971052444,0.9743589743589743,0.4,81672e133cb77764,ok
e4a85b5d0d99,sandbox_scanner_metadata,500,600,1,946,16,16,1.0,59,0.039371050941515676,0.002874783529574555,,,945,10.164058971052444,0.9661016949152542,0.4,81672e133cb77764,ok
e4a85b5d0d99,sandbox_scanner_metadata,500,600,1,946,32,8,0.25,115,0.039371050941515676,0.002874783529574555,,,945,10.164058971052444,1.0,0.8,81672e133cb77764,ok
e4a85b5d0d99,sandbox_scanner_metadata,500,600,1,946,32,16,0.5,58,0.039371050941515676,0.002874783529574555,,,945,10.164058971052444,1.0,0.8,81672e133cb77764,ok
e4a85b5d0d99,sandbox_scanner_metadata,500,600,1,946,32,32,1.0,29,0.039371050941515676,0.002874783529574555,,,945,10.164058971052444,1.0,0.8,81672e133cb77764,ok
e4a85b5d0d99,sandbox_scanner_metadata,500,600,1,946,64,16,0.25,56,0.039371050941515676,0.002874783529574555,,,945,10.164058971052444,1.0,1.6,81672e133cb77764,ok
e4a85b5d0d99,sandbox_scanner_metadata,500,600,1,946,64,32,0.5,28,0.039371050941515676,0.002874783529574555,,,945,10.164058971052444,1.0,1.6,81672e133cb77764,ok
e4a85b5d0d99,sandbox_scanner_metadata,500,600,1,946,64,64,1.0,14,0.039371050941515676,0.002874783529574555,,,945,10.164058971052444,1.0,1.6,81672e133cb77764,ok
eb7003cbfd22,sandbox_ransom_seq,500,120,1,52,8,2,0.25,23,0.24361104231614333,0.07145285584205024,,,34,4.0108538375091705,1.0,0.2,ba8aa36b9305ecd3,ok
eb7003cbfd22,sandbox_ransom_seq,500,120,1,52,8,4,0.5,12,0.24361104231614333,0.07145285584205024,,,34,4.0108538375091705,1.0,0.2,ba8aa36b9305ecd3,ok
eb7003cbfd22,sandbox_ransom_seq,500,120,1,52,8,8,1.0,6,0.24361104231614333,0.07145285584205024,,,34,4.0108538375091705,1.0,0.2,ba8aa36b9305ecd3,ok
eb7003cbfd22,sandbox_ransom_seq,500,120,1,52,16,4,0.25,10,0.24361104231614333,0.07145285584205024,,,34,4.0108538375091705,1.0,0.4,ba8aa36b9305ecd3,ok
eb7003cbfd22,sandbox_ransom_seq,500,120,1,52,16,8,0.5,5,0.24361104231614333,0.07145285584205024,,,34,4.0108538375091705,1.0,0.4,ba8aa36b9305ecd3,ok
eb7003cbfd22,sandbox_ransom_seq,500,120,1,52,16,16,1.0,3,0.24361104231614333,0.07145285584205024,,,34,4.0108538375091705,1.0,0.4,ba8aa36b9305ecd3,ok
eb7003cbfd22,sandbox_ransom_seq,500,120,1,52,32,8,0.25,3,0.24361104231614333,0.07145285584205024,,,34,4.0108538375091705,1.0,0.8,ba8aa36b9305ecd3,ok
eb7003cbfd22,sandbox_ransom_seq,500,120,1,52,32,16,0.5,2,0.24361104231614333,0.07145285584205024,,,34,4.0108538375091705,1.0,0.8,ba8aa36b9305ecd3,ok
eb7003cbfd22,sandbox_ransom_seq,500,120,1,52,32,32,1.0,1,0.24361104231614333,0.07145285584205024,,,34,4.0108538375091705,1.0,0.8,ba8aa36b9305ecd3,ok
eb7003cbfd22,sandbox_ransom_seq,500,120,1,52,64,16,0.25,0,,,,,,,,1.6,ba8aa36b9305ecd3,skip:short
eb7003cbfd22,sandbox_ransom_seq,500,120,1,52,64,32,0.5,0,,,,,,,,1.6,ba8aa36b9305ecd3,skip:short
eb7003cbfd22,sandbox_ransom_seq,500,120,1,52,64,64,1.0,0,,,,,,,,1.6,ba8aa36b9305ecd3,skip:short
f0b76adb5a03,mem_rmw_intensity_v2,500,120,2,192,8,2,0.25,93,0.21901591618855795,0.051990140731309066,0.23800125491764682,,43,5.531390451807869,1.0,0.13333333333333333,26c57291738988a9,ok
f0b76adb5a03,mem_rmw_intensity_v2,500,120,2,192,8,4,0.5,47,0.21901591618855795,0.051990140731309066,0.23800125491764682,,43,5.531390451807869,1.0,0.13333333333333333,26c57291738988a9,ok
f0b76adb5a03,mem_rmw_intensity_v2,500,120,2,192,8,8,1.0,24,0.21901591618855795,0.051990140731309066,0.23800125491764682,,43,5.531390451807869,1.0,0.13333333333333333,26c57291738988a9,ok
f0b76adb5a03,mem_rmw_intensity_v2,500,120,2,192,16,4,0.25,45,0.21901591618855795,0.051990140731309066,0.23800125491764682,,43,5.531390451807869,1.0,0.26666666666666666,26c57291738988a9,ok
f0b76adb5a03,mem_rmw_intensity_v2,500,120,2,192,16,8,0.5,23,0.21901591618855795,0.051990140731309066,0.23800125491764682,,43,5.531390451807869,1.0,0.26666666666666666,26c57291738988a9,ok
f0b76adb5a03,mem_rmw_intensity_v2,500,120,2,192,16,16,1.0,12,0.21901591618855795,0.051990140731309066,0.23800125491764682,,43,5.531390451807869,1.0,0.26666666666666666,26c57291738988a9,ok
f0b76adb5a03,mem_rmw_intensity_v2,500,120,2,192,32,8,0.25,21,0.21901591618855795,0.051990140731309066,0.23800125491764682,,43,5.531390451807869,1.0,0.5333333333333333,26c57291738988a9,ok
f0b76adb5a03,mem_rmw_intensity_v2,500,120,2,192,32,16,0.5,11,0.21901591618855795,0.051990140731309066,0.23800125491764682,,43,5.531390451807869,1.0,0.5333333333333333,26c57291738988a9,ok
f0b76adb5a03,mem_rmw_intensity_v2,500,120,2,192,32,32,1.0,6,0.21901591618855795,0.051990140731309066,0.23800125491764682,,43,5.531390451807869,1.0,0.5333333333333333,26c57291738988a9,ok
f0b76adb5a03,mem_rmw_intensity_v2,500,120,2,192,64,16,0.25,9,0.21901591618855795,0.051990140731309066,0.23800125491764682,,43,5.531390451807869,1.0,1.0666666666666667,26c57291738988a9,ok
f0b76adb5a03,mem_rmw_intensity_v2,500,120,2,192,64,32,0.5,5,0.21901591618855795,0.051990140731309066,0.23800125491764682,,43,5.531390451807869,1.0,1.0666666666666667,26c57291738988a9,ok
f0b76adb5a03,mem_rmw_intensity_v2,500,120,2,192,64,64,1.0,3,0.21901591618855795,0.051990140731309066,0.23800125491764682,,43,5.531390451807869,1.0,1.0666666666666667,26c57291738988a9,ok
f27f8d4d8b1d,sandbox_scanner_metadata,500,600,2,982,8,2,0.25,488,0.0391026630906612,0.0024791791553997783,,,981,10.326853868499331,0.8934426229508197,0.2,96c958f7322df990,ok
f27f8d4d8b1d,sandbox_scanner_metadata,500,600,2,982,8,4,0.5,244,0.0391026630906612,0.0024791791553997783,,,981,10.326853868499331,0.8934426229508197,0.2,96c958f7322df990,ok
f27f8d4d8b1d,sandbox_scanner_metadata,500,600,2,982,8,8,1.0,122,0.0391026630906612,0.0024791791553997783,,,981,10.326853868499331,0.9098360655737705,0.2,96c958f7322df990,ok
f27f8d4d8b1d,sandbox_scanner_metadata,500,600,2,982,16,4,0.25,242,0.0391026630906612,0.0024791791553997783,,,981,10.326853868499331,0.9545454545454546,0.4,96c958f7322df990,ok
f27f8d4d8b1d,sandbox_scanner_metadata,500,600,2,982,16,8,0.5,121,0.0391026630906612,0.0024791791553997783,,,981,10.326853868499331,0.9586776859504132,0.4,96c958f7322df990,ok
f27f8d4d8b1d,sandbox_scanner_metadata,500,600,2,982,16,16,1.0,61,0.0391026630906612,0.0024791791553997783,,,981,10.326853868499331,0.9508196721311475,0.4,96c958f7322df990,ok
f27f8d4d8b1d,sandbox_scanner_metadata,500,600,2,982,32,8,0.25,119,0.0391026630906612,0.0024791791553997783,,,981,10.326853868499331,1.0,0.8,96c958f7322df990,ok
f27f8d4d8b1d,sandbox_scanner_metadata,500,600,2,982,32,16,0.5,60,0.0391026630906612,0.0024791791553997783,,,981,10.326853868499331,1.0,0.8,96c958f7322df990,ok
f27f8d4d8b1d,sandbox_scanner_metadata,500,600,2,982,32,32,1.0,30,0.0391026630906612,0.0024791791553997783,,,981,10.326853868499331,1.0,0.8,96c958f7322df990,ok
f27f8d4d8b1d,sandbox_scanner_metadata,500,600,2,982,64,16,0.25,58,0.0391026630906612,0.0024791791553997783,,,981,10.326853868499331,1.0,1.6,96c958f7322df990,ok
f27f8d4d8b1d,sandbox_scanner_metadata,500,600,2,982,64,32,0.5,29,0.0391026630906612,0.0024791791553997783,,,981,10.326853868499331,1.0,1.6,96c958f7322df990,ok
f27f8d4d8b1d,sandbox_scanner_metadata,500,600,2,982,64,64,1.0,15,0.0391026630906612,0.0024791791553997783,,,981,10.326853868499331,1.0,1.6,96c958f7322df990,ok
f51bd27bfe10,mem_pagefault_density_v2,500,300,2,489,8,2,0.25,241,0.00489894500295565,0.008557496659309627,1.748592828430801,,470,10.062746449054096,0.995850622406639,0.13333333333333333,ca0aee18aae240aa,ok
f51bd27bfe10,mem_pagefault_density_v2,500,300,2,489,8,4,0.5,121,0.00489894500295565,0.008557496659309627,1.748592828430801,,470,10.062746449054096,0.9917355371900827,0.13333333333333333,ca0aee18aae240aa,ok
f51bd27bfe10,mem_pagefault_density_v2,500,300,2,489,8,8,1.0,61,0.00489894500295565,0.008557496659309627,1.748592828430801,,470,10.062746449054096,0.9836065573770492,0.13333333333333333,ca0aee18aae240aa,ok
f51bd27bfe10,mem_pagefault_density_v2,500,300,2,489,16,4,0.25,119,0.00489894500295565,0.008557496659309627,1.748592828430801,,470,10.062746449054096,0.9915966386554622,0.26666666666666666,ca0aee18aae240aa,ok
f51bd27bfe10,mem_pagefault_density_v2,500,300,2,489,16,8,0.5,60,0.00489894500295565,0.008557496659309627,1.748592828430801,,470,10.062746449054096,0.9833333333333333,0.26666666666666666,ca0aee18aae240aa,ok
f51bd27bfe10,mem_pagefault_density_v2,500,300,2,489,16,16,1.0,30,0.00489894500295565,0.008557496659309627,1.748592828430801,,470,10.062746449054096,0.9666666666666667,0.26666666666666666,ca0aee18aae240aa,ok
f51bd27bfe10,mem_pagefault_density_v2,500,300,2,489,32,8,0.25,58,0.00489894500295565,0.008557496659309627,1.748592828430801,,470,10.062746449054096,1.0,0.5333333333333333,ca0aee18aae240aa,ok
f51bd27bfe10,mem_pagefault_density_v2,500,300,2,489,32,16,0.5,29,0.00489894500295565,0.008557496659309627,1.748592828430801,,470,10.062746449054096,1.0,0.5333333333333333,ca0aee18aae240aa,ok
f51bd27bfe10,mem_pagefault_density_v2,500,300,2,489,32,32,1.0,15,0.00489894500295565,0.008557496659309627,1.748592828430801,,470,10.062746449054096,1.0,0.5333333333333333,ca0aee18aae240aa,ok
f51bd27bfe10,mem_pagefault_density_v2,500,300,2,489,64,16,0.25,27,0.00489894500295565,0.008557496659309627,1.748592828430801,,470,10.062746449054096,1.0,1.0666666666666667,ca0aee18aae240aa,ok
f51bd27bfe10,mem_pagefault_density_v2,500,300,2,489,64,32,0.5,14,0.00489894500295565,0.008557496659309627,1.748592828430801,,470,10.062746449054096,1.0,1.0666666666666667,ca0aee18aae240aa,ok
f51bd27bfe10,mem_pagefault_density_v2,500,300,2,489,64,64,1.0,7,0.00489894500295565,0.008557496659309627,1.748592828430801,,470,10.062746449054096,1.0,1.0666666666666667,ca0aee18aae240aa,ok
f5b7f5db2851,mem_writemag_sweep_v2,500,120,2,196,8,2,0.25,95,0.25092228091492946,0.0022454253861745057,0.008971604739168781,,179,8.534962506315138,0.9894736842105263,0.13333333333333333,bd20c9e339d35da0,ok
f5b7f5db2851,mem_writemag_sweep_v2,500,120,2,196,8,4,0.5,48,0.25092228091492946,0.0022454253861745057,0.008971604739168781,,179,8.534962506315138,0.9791666666666666,0.13333333333333333,bd20c9e339d35da0,ok
f5b7f5db2851,mem_writemag_sweep_v2,500,120,2,196,8,8,1.0,24,0.25092228091492946,0.0022454253861745057,0.008971604739168781,,179,8.534962506315138,0.9583333333333334,0.13333333333333333,bd20c9e339d35da0,ok
f5b7f5db2851,mem_writemag_sweep_v2,500,120,2,196,16,4,0.25,46,0.25092228091492946,0.0022454253861745057,0.008971604739168781,,179,8.534962506315138,0.9782608695652174,0.26666666666666666,bd20c9e339d35da0,ok
f5b7f5db2851,mem_writemag_sweep_v2,500,120,2,196,16,8,0.5,23,0.25092228091492946,0.0022454253861745057,0.008971604739168781,,179,8.534962506315138,0.9565217391304348,0.26666666666666666,bd20c9e339d35da0,ok
f5b7f5db2851,mem_writemag_sweep_v2,500,120,2,196,16,16,1.0,12,0.25092228091492946,0.0022454253861745057,0.008971604739168781,,179,8.534962506315138,0.9166666666666666,0.26666666666666666,bd20c9e339d35da0,ok
f5b7f5db2851,mem_writemag_sweep_v2,500,120,2,196,32,8,0.25,21,0.25092228091492946,0.0022454253861745057,0.008971604739168781,,179,8.534962506315138,1.0,0.5333333333333333,bd20c9e339d35da0,ok
f5b7f5db2851,mem_writemag_sweep_v2,500,120,2,196,32,16,0.5,11,0.25092228091492946,0.0022454253861745057,0.008971604739168781,,179,8.534962506315138,1.0,0.5333333333333333,bd20c9e339d35da0,ok
f5b7f5db2851,mem_writemag_sweep_v2,500,120,2,196,32,32,1.0,6,0.25092228091492946,0.0022454253861745057,0.008971604739168781,,179,8.534962506315138,1.0,0.5333333333333333,bd20c9e339d35da0,ok
f5b7f5db2851,mem_writemag_sweep_v2,500,120,2,196,64,16,0.25,9,0.25092228091492946,0.0022454253861745057,0.008971604739168781,,179,8.534962506315138,1.0,1.0666666666666667,bd20c9e339d35da0,ok
f5b7f5db2851,mem_writemag_sweep_v2,500,120,2,196,64,32,0.5,5,0.25092228091492946,0.0022454253861745057,0.008971604739168781,,179,8.534962506315138,1.0,1.0666666666666667,bd20c9e339d35da0,ok
f5b7f5db2851,mem_writemag_sweep_v2,500,120,2,196,64,64,1.0,3,0.25092228091492946,0.0022454253861745057,0.008971604739168781,,179,8.534962506315138,1.0,1.0666666666666667,bd20c9e339d35da0,ok
f61a51607ad6,mem_workingset_sweep_v2,500,120,1,196,8,2,0.25,95,0.2509618292049486,0.0021579550665953772,0.008620758048467896,,178,8.063805246629931,0.968421052631579,0.13333333333333333,9fbf1d8965b411cf,ok
f61a51607ad6,mem_workingset_sweep_v2,500,120,1,196,8,4,0.5,48,0.2509618292049486,0.0021579550665953772,0.008620758048467896,,178,8.063805246629931,0.9583333333333334,0.13333333333333333,9fbf1d8965b411cf,ok
f61a51607ad6,mem_workingset_sweep_v2,500,120,1,196,8,8,1.0,24,0.2509618292049486,0.0021579550665953772,0.008620758048467896,,178,8.063805246629931,0.9166666666666666,0.13333333333333333,9fbf1d8965b411cf,ok
f61a51607ad6,mem_workingset_sweep_v2,500,120,1,196,16,4,0.25,46,0.2509618292049486,0.0021579550665953772,0.008620758048467896,,178,8.063805246629931,0.9782608695652174,0.26666666666666666,9fbf1d8965b411cf,ok
f61a51607ad6,mem_workingset_sweep_v2,500,120,1,196,16,8,0.5,23,0.2509618292049486,0.0021579550665953772,0.008620758048467896,,178,8.063805246629931,0.9565217391304348,0.26666666666666666,9fbf1d8965b411cf,ok
f61a51607ad6,mem_workingset_sweep_v2,500,120,1,196,16,16,1.0,12,0.2509618292049486,0.0021579550665953772,0.008620758048467896,,178,8.063805246629931,0.9166666666666666,0.26666666666666666,9fbf1d8965b411cf,ok
f61a51607ad6,mem_workingset_sweep_v2,500,120,1,196,32,8,0.25,21,0.2509618292049486,0.0021579550665953772,0.008620758048467896,,178,8.063805246629931,1.0,0.5333333333333333,9fbf1d8965b411cf,ok
f61a51607ad6,mem_workingset_sweep_v2,500,120,1,196,32,16,0.5,11,0.2509618292049486,0.0021579550665953772,0.008620758048467896,,178,8.063805246629931,1.0,0.5333333333333333,9fbf1d8965b411cf,ok
f61a51607ad6,mem_workingset_sweep_v2,500,120,1,196,32,32,1.0,6,0.2509618292049486,0.0021579550665953772,0.008620758048467896,,178,8.063805246629931,1.0,0.5333333333333333,9fbf1d8965b411cf,ok
f61a51607ad6,mem_workingset_sweep_v2,500,120,1,196,64,16,0.25,9,0.2509618292049486,0.0021579550665953772,0.008620758048467896,,178,8.063805246629931,1.0,1.0666666666666667,9fbf1d8965b411cf,ok
f61a51607ad6,mem_workingset_sweep_v2,500,120,1,196,64,32,0.5,5,0.2509618292049486,0.0021579550665953772,0.008620758048467896,,178,8.063805246629931,1.0,1.0666666666666667,9fbf1d8965b411cf,ok
f61a51607ad6,mem_workingset_sweep_v2,500,120,1,196,64,64,1.0,3,0.2509618292049486,0.0021579550665953772,0.008620758048467896,,178,8.063805246629931,1.0,1.0666666666666667,9fbf1d8965b411cf,ok
f81d33439fde,mem_pagefault_density_v2,500,120,2,195,8,2,0.25,94,0.005809686122796474,0.015046577649459223,2.596578769365002,,185,7.120364884594988,0.9893617021276596,0.13333333333333333,8bd63a5b1ae746f3,ok
f81d33439fde,mem_pagefault_density_v2,500,120,2,195,8,4,0.5,47,0.005809686122796474,0.015046577649459223,2.596578769365002,,185,7.120364884594988,0.9787234042553191,0.13333333333333333,8bd63a5b1ae746f3,ok
f81d33439fde,mem_pagefault_density_v2,500,120,2,195,8,8,1.0,24,0.005809686122796474,0.015046577649459223,2.596578769365002,,185,7.120364884594988,0.9583333333333334,0.13333333333333333,8bd63a5b1ae746f3,ok
f81d33439fde,mem_pagefault_density_v2,500,120,2,195,16,4,0.25,45,0.005809686122796474,0.015046577649459223,2.596578769365002,,185,7.120364884594988,1.0,0.26666666666666666,8bd63a5b1ae746f3,ok
f81d33439fde,mem_pagefault_density_v2,500,120,2,195,16,8,0.5,23,0.005809686122796474,0.015046577649459223,2.596578769365002,,185,7.120364884594988,1.0,0.26666666666666666,8bd63a5b1ae746f3,ok
f81d33439fde,mem_pagefault_density_v2,500,120,2,195,16,16,1.0,12,0.005809686122796474,0.015046577649459223,2.596578769365002,,185,7.120364884594988,1.0,0.26666666666666666,8bd63a5b1ae746f3,ok
f81d33439fde,mem_pagefault_density_v2,500,120,2,195,32,8,0.25,21,0.005809686122796474,0.015046577649459223,2.596578769365002,,185,7.120364884594988,1.0,0.5333333333333333,8bd63a5b1ae746f3,ok
f81d33439fde,mem_pagefault_density_v2,500,120,2,195,32,16,0.5,11,0.005809686122796474,0.015046577649459223,2.596578769365002,,185,7.120364884594988,1.0,0.5333333333333333,8bd63a5b1ae746f3,ok
f81d33439fde,mem_pagefault_density_v2,500,120,2,195,32,32,1.0,6,0.005809686122796474,0.015046577649459223,2.596578769365002,,185,7.120364884594988,1.0,0.5333333333333333,8bd63a5b1ae746f3,ok
f81d33439fde,mem_pagefault_density_v2,500,120,2,195,64,16,0.25,9,0.005809686122796474,0.015046577649459223,2.596578769365002,,185,7.120364884594988,1.0,1.0666666666666667,8bd63a5b1ae746f3,ok
f81d33439fde,mem_pagefault_density_v2,500,120,2,195,64,32,0.5,5,0.005809686122796474,0.015046577649459223,2.596578769365002,,185,7.120364884594988,1.0,1.0666666666666667,8bd63a5b1ae746f3,ok
f81d33439fde,mem_pagefault_density_v2,500,120,2,195,64,64,1.0,3,0.005809686122796474,0.015046577649459223,2.596578769365002,,185,7.120364884594988,1.0,1.0666666666666667,8bd63a5b1ae746f3,ok
f82b9358a817,mem_workingset_sweep_v2,500,600,1,980,8,2,0.25,487,0.2505788919877033,0.0009931070045926958,0.003965274457313751,,979,13.175690914353828,0.973305954825462,0.13333333333333333,868c230ce0179e29,ok
f82b9358a817,mem_workingset_sweep_v2,500,600,1,980,8,4,0.5,244,0.2505788919877033,0.0009931070045926958,0.003965274457313751,,979,13.175690914353828,0.9713114754098361,0.13333333333333333,868c230ce0179e29,ok
f82b9358a817,mem_workingset_sweep_v2,500,600,1,980,8,8,1.0,122,0.2505788919877033,0.0009931070045926958,0.003965274457313751,,979,13.175690914353828,0.9754098360655737,0.13333333333333333,868c230ce0179e29,ok
f82b9358a817,mem_workingset_sweep_v2,500,600,1,980,16,4,0.25,242,0.2505788919877033,0.0009931070045926958,0.003965274457313751,,979,13.175690914353828,0.9669421487603306,0.26666666666666666,868c230ce0179e29,ok
f82b9358a817,mem_workingset_sweep_v2,500,600,1,980,16,8,0.5,121,0.2505788919877033,0.0009931070045926958,0.003965274457313751,,979,13.175690914353828,0.9669421487603306,0.26666666666666666,868c230ce0179e29,ok
f82b9358a817,mem_workingset_sweep_v2,500,600,1,980,16,16,1.0,61,0.2505788919877033,0.0009931070045926958,0.003965274457313751,,979,13.175690914353828,0.9508196721311475,0.26666666666666666,868c230ce0179e29,ok
f82b9358a817,mem_workingset_sweep_v2,500,600,1,980,32,8,0.25,119,0.2505788919877033,0.0009931070045926958,0.003965274457313751,,979,13.175690914353828,0.9747899159663865,0.5333333333333333,868c230ce0179e29,ok
f82b9358a817,mem_workingset_sweep_v2,500,600,1,980,32,16,0.5,60,0.2505788919877033,0.0009931070045926958,0.003965274457313751,,979,13.175690914353828,0.9666666666666667,0.5333333333333333,868c230ce0179e29,ok
f82b9358a817,mem_workingset_sweep_v2,500,600,1,980,32,32,1.0,30,0.2505788919877033,0.0009931070045926958,0.003965274457313751,,979,13.175690914353828,0.9666666666666667,0.5333333333333333,868c230ce0179e29,ok
f82b9358a817,mem_workingset_sweep_v2,500,600,1,980,64,16,0.25,58,0.2505788919877033,0.0009931070045926958,0.003965274457313751,,979,13.175690914353828,0.9827586206896551,1.0666666666666667,868c230ce0179e29,ok
f82b9358a817,mem_workingset_sweep_v2,500,600,1,980,64,32,0.5,29,0.2505788919877033,0.0009931070045926958,0.003965274457313751,,979,13.175690914353828,0.9655172413793104,1.0666666666666667,868c230ce0179e29,ok
f82b9358a817,mem_workingset_sweep_v2,500,600,1,980,64,64,1.0,15,0.2505788919877033,0.0009931070045926958,0.003965274457313751,,979,13.175690914353828,0.9333333333333333,1.0666666666666667,868c230ce0179e29,ok
fa79c3b81243,mem_mmap_traversal_v2,500,120,1,149,8,2,0.25,71,0.18284407238032194,0.06936674800744673,0.3806560404070945,,147,7.764178966900232,0.971830985915493,0.13333333333333333,e240a6690e11ad50,ok
fa79c3b81243,mem_mmap_traversal_v2,500,120,1,149,8,4,0.5,36,0.18284407238032194,0.06936674800744673,0.3806560404070945,,147,7.764178966900232,1.0,0.13333333333333333,e240a6690e11ad50,ok
fa79c3b81243,mem_mmap_traversal_v2,500,120,1,149,8,8,1.0,18,0.18284407238032194,0.06936674800744673,0.3806560404070945,,147,7.764178966900232,1.0,0.13333333333333333,e240a6690e11ad50,ok
fa79c3b81243,mem_mmap_traversal_v2,500,120,1,149,16,4,0.25,34,0.18284407238032194,0.06936674800744673,0.3806560404070945,,147,7.764178966900232,1.0,0.26666666666666666,e240a6690e11ad50,ok
fa79c3b81243,mem_mmap_traversal_v2,500,120,1,149,16,8,0.5,17,0.18284407238032194,0.06936674800744673,0.3806560404070945,,147,7.764178966900232,1.0,0.26666666666666666,e240a6690e11ad50,ok
fa79c3b81243,mem_mmap_traversal_v2,500,120,1,149,16,16,1.0,9,0.18284407238032194,0.06936674800744673,0.3806560404070945,,147,7.764178966900232,1.0,0.26666666666666666,e240a6690e11ad50,ok
fa79c3b81243,mem_mmap_traversal_v2,500,120,1,149,32,8,0.25,15,0.18284407238032194,0.06936674800744673,0.3806560404070945,,147,7.764178966900232,1.0,0.5333333333333333,e240a6690e11ad50,ok
fa79c3b81243,mem_mmap_traversal_v2,500,120,1,149,32,16,0.5,8,0.18284407238032194,0.06936674800744673,0.3806560404070945,,147,7.764178966900232,1.0,0.5333333333333333,e240a6690e11ad50,ok
fa79c3b81243,mem_mmap_traversal_v2,500,120,1,149,32,32,1.0,4,0.18284407238032194,0.06936674800744673,0.3806560404070945,,147,7.764178966900232,1.0,0.5333333333333333,e240a6690e11ad50,ok
fa79c3b81243,mem_mmap_traversal_v2,500,120,1,149,64,16,0.25,6,0.18284407238032194,0.06936674800744673,0.3806560404070945,,147,7.764178966900232,1.0,1.0666666666666667,e240a6690e11ad50,ok
fa79c3b81243,mem_mmap_traversal_v2,500,120,1,149,64,32,0.5,3,0.18284407238032194,0.06936674800744673,0.3806560404070945,,147,7.764178966900232,1.0,1.0666666666666667,e240a6690e11ad50,ok
fa79c3b81243,mem_mmap_traversal_v2,500,120,1,149,64,64,1.0,2,0.18284407238032194,0.06936674800744673,0.3806560404070945,,147,7.764178966900232,1.0,1.0666666666666667,e240a6690e11ad50,ok
