cell_id,workload,iv_ms,duration_s,replicate,n_pairs,window,hop,hop_ratio,n_windows,apf_mean,apf_std,cv_workingset,f1_phase,cepstral_peak_idx,ceps_peak_snr_db,stat_pass_frac,coverage_ratio,traj_sha256,status
011407b9724c,sandbox_scanner_metadata,500,300,2,390,8,2,0.25,192,0.038896951919946916,0.0031520259458860736,,,153,8.179559886138321,0.9635416666666666,0.2,7ee31105430232b1,ok
011407b9724c,sandbox_scanner_metadata,500,300,2,390,8,4,0.5,96,0.038896951919946916,0.0031520259458860736,,,153,8.179559886138321,0.96875,0.2,7ee31105430232b1,ok
011407b9724c,sandbox_scanner_metadata,500,300,2,390,8,8,1.0,48,0.038896951919946916,0.0031520259458860736,,,153,8.179559886138321,0.9583333333333334,0.2,7ee31105430232b1,ok
011407b9724c,sandbox_scanner_metadata,500,300,2,390,16,4,0.25,94,0.038896951919946916,0.0031520259458860736,,,153,8.179559886138321,0.9787234042553191,0.4,7ee31105430232b1,ok
011407b9724c,sandbox_scanner_metadata,500,300,2,390,16,8,0.5,47,0.038896951919946916,0.0031520259458860736,,,153,8.179559886138321,0.9787234042553191,0.4,7ee31105430232b1,ok
011407b9724c,sandbox_scanner_metadata,500,300,2,390,16,16,1.0,24,0.038896951919946916,0.0031520259458860736,,,153,8.179559886138321,1.0,0.4,7ee31105430232b1,ok
011407b9724c,sandbox_scanner_metadata,500,300,2,390,32,8,0.25,45,0.038896951919946916,0.0031520259458860736,,,153,8.179559886138321,1.0,0.8,7ee31105430232b1,ok
011407b9724c,sandbox_scanner_metadata,500,300,2,390,32,16,0.5,23,0.038896951919946916,0.0031520259458860736,,,153,8.179559886138321,1.0,0.8,7ee31105430232b1,ok
011407b9724c,sandbox_scanner_metadata,500,300,2,390,32,32,1.0,12,0.038896951919946916,0.0031520259458860736,,,153,8.179559886138321,1.0,0.8,7ee31105430232b1,ok
011407b9724c,sandbox_scanner_metadata,500,300,2,390,64,16,0.25,21,0.038896951919946916,0.0031520259458860736,,,153,8.179559886138321,1.0,1.6,7ee31105430232b1,ok
011407b9724c,sandbox_scanner_metadata,500,300,2,390,64,32,0.5,11,0.038896951919946916,0.0031520259458860736,,,153,8.179559886138321,1.0,1.6,7ee31105430232b1,ok
011407b9724c,sandbox_scanner_metadata,500,300,2,390,64,64,1.0,6,0.038896951919946916,0.0031520259458860736,,,153,8.179559886138321,1.0,1.6,7ee31105430232b1,ok
0278aa01c5ba,app_hashtable_intensive_v2,500,300,2,490,8,2,0.25,242,0.15505310369997607,0.11807797411156945,0.7623107422806551,,486,12.90643195320747,1.0,0.13333333333333333,771bc3f28858be19,ok
0278aa01c5ba,app_hashtable_intensive_v2,500,300,2,490,8,4,0.5,121,0.15505310369997607,0.11807797411156945,0.7623107422806551,,486,12.90643195320747,1.0,0.13333333333333333,771bc3f28858be19,ok
0278aa01c5ba,app_hashtable_intensive_v2,500,300,2,490,8,8,1.0,61,0.15505310369997607,0.11807797411156945,0.7623107422806551,,486,12.90643195320747,1.0,0.13333333333333333,771bc3f28858be19,ok
0278aa01c5ba,app_hashtable_intensive_v2,500,300,2,490,16,4,0.25,119,0.15505310369997607,0.11807797411156945,0.7623107422806551,,486,12.90643195320747,1.0,0.26666666666666666,771bc3f28858be19,ok
0278aa01c5ba,app_hashtable_intensive_v2,500,300,2,490,16,8,0.5,60,0.15505310369997607,0.11807797411156945,0.7623107422806551,,486,12.90643195320747,1.0,0.26666666666666666,771bc3f28858be19,ok
0278aa01c5ba,app_hashtable_intensive_v2,500,300,2,490,16,16,1.0,30,0.15505310369997607,0.11807797411156945,0.7623107422806551,,486,12.90643195320747,1.0,0.26666666666666666,771bc3f28858be19,ok
0278aa01c5ba,app_hashtable_intensive_v2,500,300,2,490,32,8,0.25,58,0.15505310369997607,0.11807797411156945,0.7623107422806551,,486,12.90643195320747,1.0,0.5333333333333333,771bc3f28858be19,ok
0278aa01c5ba,app_hashtable_intensive_v2,500,300,2,490,32,16,0.5,29,0.15505310369997607,0.11807797411156945,0.7623107422806551,,486,12.90643195320747,1.0,0.5333333333333333,771bc3f28858be19,ok
0278aa01c5ba,app_hashtable_intensive_v2,500,300,2,490,32,32,1.0,15,0.15505310369997607,0.11807797411156945,0.7623107422806551,,486,12.90643195320747,1.0,0.5333333333333333,771bc3f28858be19,ok
0278aa01c5ba,app_hashtable_intensive_v2,500,300,2,490,64,16,0.25,27,0.15505310369997607,0.11807797411156945,0.7623107422806551,,486,12.90643195320747,1.0,1.0666666666666667,771bc3f28858be19,ok
0278aa01c5ba,app_hashtable_intensive_v2,500,300,2,490,64,32,0.5,14,0.15505310369997607,0.11807797411156945,0.7623107422806551,,486,12.90643195320747,1.0,1.0666666666666667,771bc3f28858be19,ok
0278aa01c5ba,app_hashtable_intensive_v2,500,300,2,490,64,64,1.0,7,0.15505310369997607,0.11807797411156945,0.7623107422806551,,486,12.90643195320747,1.0,1.0666666666666667,771bc3f28858be19,ok
0359369abb55,mem_writemag_sweep_v2,500,600,2,970,8,2,0.25,482,0.25168597034572326,0.006560237256852456,0.026078614673251836,,969,16.50213796095071,0.9543568464730291,0.13333333333333333,d57777571f0410a0,ok
0359369abb55,mem_writemag_sweep_v2,500,600,2,970,8,4,0.5,241,0.25168597034572326,0.006560237256852456,0.026078614673251836,,969,16.50213796095071,0.9543568464730291,0.13333333333333333,d57777571f0410a0,ok
0359369abb55,mem_writemag_sweep_v2,500,600,2,970,8,8,1.0,121,0.25168597034572326,0.006560237256852456,0.026078614673251836,,969,16.50213796095071,0.9504132231404959,0.13333333333333333,d57777571f0410a0,ok
0359369abb55,mem_writemag_sweep_v2,500,600,2,970,16,4,0.25,239,0.25168597034572326,0.006560237256852456,0.026078614673251836,,969,16.50213796095071,0.9539748953974896,0.26666666666666666,d57777571f0410a0,ok
0359369abb55,mem_writemag_sweep_v2,500,600,2,970,16,8,0.5,120,0.25168597034572326,0.006560237256852456,0.026078614673251836,,969,16.50213796095071,0.95,0.26666666666666666,d57777571f0410a0,ok
0359369abb55,mem_writemag_sweep_v2,500,600,2,970,16,16,1.0,60,0.25168597034572326,0.006560237256852456,0.026078614673251836,,969,16.50213796095071,0.95,0.26666666666666666,d57777571f0410a0,ok
0359369abb55,mem_writemag_sweep_v2,500,600,2,970,32,8,0.25,118,0.25168597034572326,0.006560237256852456,0.026078614673251836,,969,16.50213796095071,0.9576271186440678,0.5333333333333333,d57777571f0410a0,ok
0359369abb55,mem_writemag_sweep_v2,500,600,2,970,32,16,0.5,59,0.25168597034572326,0.006560237256852456,0.026078614673251836,,969,16.50213796095071,0.9491525423728814,0.5333333333333333,d57777571f0410a0,ok
0359369abb55,mem_writemag_sweep_v2,500,600,2,970,32,32,1.0,30,0.25168597034572326,0.006560237256852456,0.026078614673251836,,969,16.50213796095071,0.9333333333333333,0.5333333333333333,d57777571f0410a0,ok
0359369abb55,mem_writemag_sweep_v2,500,600,2,970,64,16,0.25,57,0.25168597034572326,0.006560237256852456,0.026078614673251836,,969,16.50213796095071,0.9649122807017544,1.0666666666666667,d57777571f0410a0,ok
0359369abb55,mem_writemag_sweep_v2,500,600,2,970,64,32,0.5,29,0.25168597034572326,0.006560237256852456,0.026078614673251836,,969,16.50213796095071,0.9655172413793104,1.0666666666666667,d57777571f0410a0,ok
0359369abb55,mem_writemag_sweep_v2,500,600,2,970,64,64,1.0,15,0.25168597034572326,0.006560237256852456,0.026078614673251836,,969,16.50213796095071,0.9333333333333333,1.0666666666666667,d57777571f0410a0,ok
0729046a8e79,sandbox_ransom_batched,500,120,1,181,8,2,0.25,87,0.007859561983393042,0.0019668133605540853,,,161,7.563569148784356,0.9655172413793104,0.2,9b6e35de67f103a0,ok
0729046a8e79,sandbox_ransom_batched,500,120,1,181,8,4,0.5,44,0.007859561983393042,0.0019668133605540853,,,161,7.563569148784356,0.9545454545454546,0.2,9b6e35de67f103a0,ok
0729046a8e79,sandbox_ransom_batched,500,120,1,181,8,8,1.0,22,0.007859561983393042,0.0019668133605540853,,,161,7.563569148784356,0.9090909090909091,0.2,9b6e35de67f103a0,ok
0729046a8e79,sandbox_ransom_batched,500,120,1,181,16,4,0.25,42,0.007859561983393042,0.0019668133605540853,,,161,7.563569148784356,0.9761904761904762,0.4,9b6e35de67f103a0,ok
0729046a8e79,sandbox_ransom_batched,500,120,1,181,16,8,0.5,21,0.007859561983393042,0.0019668133605540853,,,161,7.563569148784356,0.9523809523809523,0.4,9b6e35de67f103a0,ok
0729046a8e79,sandbox_ransom_batched,500,120,1,181,16,16,1.0,11,0.007859561983393042,0.0019668133605540853,,,161,7.563569148784356,0.9090909090909091,0.4,9b6e35de67f103a0,ok
0729046a8e79,sandbox_ransom_batched,500,120,1,181,32,8,0.25,19,0.007859561983393042,0.0019668133605540853,,,161,7.563569148784356,1.0,0.8,9b6e35de67f103a0,ok
0729046a8e79,sandbox_ransom_batched,500,120,1,181,32,16,0.5,10,0.007859561983393042,0.0019668133605540853,,,161,7.563569148784356,1.0,0.8,9b6e35de67f103a0,ok
0729046a8e79,sandbox_ransom_batched,500,120,1,181,32,32,1.0,5,0.007859561983393042,0.0019668133605540853,,,161,7.563569148784356,1.0,0.8,9b6e35de67f103a0,ok
0729046a8e79,sandbox_ransom_batched,500,120,1,181,64,16,0.25,8,0.007859561983393042,0.0019668133605540853,,,161,7.563569148784356,1.0,1.6,9b6e35de67f103a0,ok
0729046a8e79,sandbox_ransom_batched,500,120,1,181,64,32,0.5,4,0.007859561983393042,0.0019668133605540853,,,161,7.563569148784356,1.0,1.6,9b6e35de67f103a0,ok
0729046a8e79,sandbox_ransom_batched,500,120,1,181,64,64,1.0,2,0.007859561983393042,0.0019668133605540853,,,161,7.563569148784356,1.0,1.6,9b6e35de67f103a0,ok
089a790420f9,sandbox_ransom_seq,500,300,2,85,8,2,0.25,39,0.3226388370289522,0.11087657920241457,,,83,6.312573761913873,0.9743589743589743,0.2,0a1b271ba5668922,ok
089a790420f9,sandbox_ransom_seq,500,300,2,85,8,4,0.5,20,0.3226388370289522,0.11087657920241457,,,83,6.312573761913873,0.95,0.2,0a1b271ba5668922,ok
089a790420f9,sandbox_ransom_seq,500,300,2,85,8,8,1.0,10,0.3226388370289522,0.11087657920241457,,,83,6.312573761913873,0.9,0.2,0a1b271ba5668922,ok
089a790420f9,sandbox_ransom_seq,500,300,2,85,16,4,0.25,18,0.3226388370289522,0.11087657920241457,,,83,6.312573761913873,1.0,0.4,0a1b271ba5668922,ok
089a790420f9,sandbox_ransom_seq,500,300,2,85,16,8,0.5,9,0.3226388370289522,0.11087657920241457,,,83,6.312573761913873,1.0,0.4,0a1b271ba5668922,ok
089a790420f9,sandbox_ransom_seq,500,300,2,85,16,16,1.0,5,0.3226388370289522,0.11087657920241457,,,83,6.312573761913873,1.0,0.4,0a1b271ba5668922,ok
089a790420f9,sandbox_ransom_seq,500,300,2,85,32,8,0.25,7,0.3226388370289522,0.11087657920241457,,,83,6.312573761913873,1.0,0.8,0a1b271ba5668922,ok
089a790420f9,sandbox_ransom_seq,500,300,2,85,32,16,0.5,4,0.3226388370289522,0.11087657920241457,,,83,6.312573761913873,1.0,0.8,0a1b271ba5668922,ok
089a790420f9,sandbox_ransom_seq,500,300,2,85,32,32,1.0,2,0.3226388370289522,0.11087657920241457,,,83,6.312573761913873,1.0,0.8,0a1b271ba5668922,ok
089a790420f9,sandbox_ransom_seq,500,300,2,85,64,16,0.25,2,0.3226388370289522,0.11087657920241457,,,83,6.312573761913873,1.0,1.6,0a1b271ba5668922,ok
089a790420f9,sandbox_ransom_seq,500,300,2,85,64,32,0.5,1,0.3226388370289522,0.11087657920241457,,,83,6.312573761913873,1.0,1.6,0a1b271ba5668922,ok
089a790420f9,sandbox_ransom_seq,500,300,2,85,64,64,1.0,1,0.3226388370289522,0.11087657920241457,,,83,6.312573761913873,1.0,1.6,0a1b271ba5668922,ok
0d0052625cf2,app_hashtable_intensive_v2,500,120,1,196,8,2,0.25,95,0.15651072288046078,0.11543816722322713,0.7394623312867883,,192,10.943445188780757,1.0,0.13333333333333333,331a193121ce57fb,ok
0d0052625cf2,app_hashtable_intensive_v2,500,120,1,196,8,4,0.5,48,0.15651072288046078,0.11543816722322713,0.7394623312867883,,192,10.943445188780757,1.0,0.13333333333333333,331a193121ce57fb,ok
0d0052625cf2,app_hashtable_intensive_v2,500,120,1,196,8,8,1.0,24,0.15651072288046078,0.11543816722322713,0.7394623312867883,,192,10.943445188780757,1.0,0.13333333333333333,331a193121ce57fb,ok
0d0052625cf2,app_hashtable_intensive_v2,500,120,1,196,16,4,0.25,46,0.15651072288046078,0.11543816722322713,0.7394623312867883,,192,10.943445188780757,1.0,0.26666666666666666,331a193121ce57fb,ok
0d0052625cf2,app_hashtable_intensive_v2,500,120,1,196,16,8,0.5,23,0.15651072288046078,0.11543816722322713,0.7394623312867883,,192,10.943445188780757,1.0,0.26666666666666666,331a193121ce57fb,ok
0d0052625cf2,app_hashtable_intensive_v2,500,120,1,196,16,16,1.0,12,0.15651072288046078,0.11543816722322713,0.7394623312867883,,192,10.943445188780757,1.0,0.26666666666666666,331a193121ce57fb,ok
0d0052625cf2,app_hashtable_intensive_v2,500,120,1,196,32,8,0.25,21,0.15651072288046078,0.11543816722322713,0.7394623312867883,,192,10.943445188780757,1.0,0.5333333333333333,331a193121ce57fb,ok
0d0052625cf2,app_hashtable_intensive_v2,500,120,1,196,32,16,0.5,11,0.15651072288046078,0.11543816722322713,0.7394623312867883,,192,10.943445188780757,1.0,0.5333333333333333,331a193121ce57fb,ok
0d0052625cf2,app_hashtable_intensive_v2,500,120,1,196,32,32,1.0,6,0.15651072288046078,0.11543816722322713,0.7394623312867883,,192,10.943445188780757,1.0,0.5333333333333333,331a193121ce57fb,ok
0d0052625cf2,app_hashtable_intensive_v2,500,120,1,196,64,16,0.25,9,0.15651072288046078,0.11543816722322713,0.7394623312867883,,192,10.943445188780757,1.0,1.0666666666666667,331a193121ce57fb,ok
0d0052625cf2,app_hashtable_intensive_v2,500,120,1,196,64,32,0.5,5,0.15651072288046078,0.11543816722322713,0.7394623312867883,,192,10.943445188780757,1.0,1.0666666666666667,331a193121ce57fb,ok
0d0052625cf2,app_hashtable_intensive_v2,500,120,1,196,64,64,1.0,3,0.15651072288046078,0.11543816722322713,0.7394623312867883,,192,10.943445188780757,1.0,1.0666666666666667,331a193121ce57fb,ok
1115cffea431,sandbox_ransom_selective,500,300,2,49,8,2,0.25,21,0.40110039224430005,0.0900335720853129,,,7,6.442939233973331,1.0,0.2,676884d7e3bdb0c0,ok
1115cffea431,sandbox_ransom_selective,500,300,2,49,8,4,0.5,11,0.40110039224430005,0.0900335720853129,,,7,6.442939233973331,1.0,0.2,676884d7e3bdb0c0,ok
1115cffea431,sandbox_ransom_selective,500,300,2,49,8,8,1.0,6,0.40110039224430005,0.0900335720853129,,,7,6.442939233973331,1.0,0.2,676884d7e3bdb0c0,ok
1115cffea431,sandbox_ransom_selective,500,300,2,49,16,4,0.25,9,0.40110039224430005,0.0900335720853129,,,7,6.442939233973331,1.0,0.4,676884d7e3bdb0c0,ok
1115cffea431,sandbox_ransom_selective,500,300,2,49,16,8,0.5,5,0.40110039224430005,0.0900335720853129,,,7,6.442939233973331,1.0,0.4,676884d7e3bdb0c0,ok
1115cffea431,sandbox_ransom_selective,500,300,2,49,16,16,1.0,3,0.40110039224430005,0.0900335720853129,,,7,6.442939233973331,1.0,0.4,676884d7e3bdb0c0,ok
1115cffea431,sandbox_ransom_selective,500,300,2,49,32,8,0.25,3,0.40110039224430005,0.0900335720853129,,,7,6.442939233973331,1.0,0.8,676884d7e3bdb0c0,ok
1115cffea431,sandbox_ransom_selective,500,300,2,49,32,16,0.5,2,0.40110039224430005,0.0900335720853129,,,7,6.442939233973331,1.0,0.8,676884d7e3bdb0c0,ok
1115cffea431,sandbox_ransom_selective,500,300,2,49,32,32,1.0,1,0.40110039224430005,0.0900335720853129,,,7,6.442939233973331,1.0,0.8,676884d7e3bdb0c0,ok
1115cffea431,sandbox_ransom_selective,500,300,2,49,64,16,0.25,0,,,,,,,,1.6,676884d7e3bdb0c0,skip:short
1115cffea431,sandbox_ransom_selective,500,300,2,49,64,32,0.5,0,,,,,,,,1.6,676884d7e3bdb0c0,skip:short
1115cffea431,sandbox_ransom_selective,500,300,2,49,64,64,1.0,0,,,,,,,,1.6,676884d7e3bdb0c0,skip:short
201e8322fe63,sandbox_ransom_seq,500,600,2,91,8,2,0.25,42,0.3172831273340917,0.11421033509566256,,,89,7.904554135905595,1.0,0.2,25241fb180309037,ok
201e8322fe63,sandbox_ransom_seq,500,600,2,91,8,4,0.5,21,0.3172831273340917,0.11421033509566256,,,89,7.904554135905595,1.0,0.2,25241fb180309037,ok
201e8322fe63,sandbox_ransom_seq,500,600,2,91,8,8,1.0,11,0.3172831273340917,0.11421033509566256,,,89,7.904554135905595,1.0,0.2,25241fb180309037,ok
201e8322fe63,sandbox_ransom_seq,500,600,2,91,16,4,0.25,19,0.3172831273340917,0.11421033509566256,,,89,7.904554135905595,1.0,0.4,25241fb180309037,ok
201e8322fe63,sandbox_ransom_seq,500,600,2,91,16,8,0.5,10,0.3172831273340917,0.11421033509566256,,,89,7.904554135905595,1.0,0.4,25241fb180309037,ok
201e8322fe63,sandbox_ransom_seq,500,600,2,91,16,16,1.0,5,0.3172831273340917,0.11421033509566256,,,89,7.904554135905595,1.0,0.4,25241fb180309037,ok
201e8322fe63,sandbox_ransom_seq,500,600,2,91,32,8,0.25,8,0.3172831273340917,0.11421033509566256,,,89,7.904554135905595,1.0,0.8,25241fb180309037,ok
201e8322fe63,sandbox_ransom_seq,500,600,2,91,32,16,0.5,4,0.3172831273340917,0.11421033509566256,,,89,7.904554135905595,1.0,0.8,25241fb180309037,ok
201e8322fe63,sandbox_ransom_seq,500,600,2,91,32,32,1.0,2,0.3172831273340917,0.11421033509566256,,,89,7.904554135905595,1.0,0.8,25241fb180309037,ok
201e8322fe63,sandbox_ransom_seq,500,600,2,91,64,16,0.25,2,0.3172831273340917,0.11421033509566256,,,89,7.904554135905595,1.0,1.6,25241fb180309037,ok
201e8322fe63,sandbox_ransom_seq,500,600,2,91,64,32,0.5,1,0.3172831273340917,0.11421033509566256,,,89,7.904554135905595,1.0,1.6,25241fb180309037,ok
201e8322fe63,sandbox_ransom_seq,500,600,2,91,64,64,1.0,1,0.3172831273340917,0.11421033509566256,,,89,7.904554135905595,1.0,1.6,25241fb180309037,ok
21274eb91200,mem_rmw_intensity_v2,500,600,1,979,8,2,0.25,486,0.21791164331952448,0.05444434561798142,0.24997366918619274,,122,6.959864697834392,0.9794238683127572,0.13333333333333333,e6e4db194763be19,ok
21274eb91200,mem_rmw_intensity_v2,500,600,1,979,8,4,0.5,243,0.21791164331952448,0.05444434561798142,0.24997366918619274,,122,6.959864697834392,0.9794238683127572,0.13333333333333333,e6e4db194763be19,ok
21274eb91200,mem_rmw_intensity_v2,500,600,1,979,8,8,1.0,122,0.21791164331952448,0.05444434561798142,0.24997366918619274,,122,6.959864697834392,0.9672131147540983,0.13333333333333333,e6e4db194763be19,ok
21274eb91200,mem_rmw_intensity_v2,500,600,1,979,16,4,0.25,241,0.21791164331952448,0.05444434561798142,0.24997366918619274,,122,6.959864697834392,1.0,0.26666666666666666,e6e4db194763be19,ok
21274eb91200,mem_rmw_intensity_v2,500,600,1,979,16,8,0.5,121,0.21791164331952448,0.05444434561798142,0.24997366918619274,,122,6.959864697834392,1.0,0.26666666666666666,e6e4db194763be19,ok
21274eb91200,mem_rmw_intensity_v2,500,600,1,979,16,16,1.0,61,0.21791164331952448,0.05444434561798142,0.24997366918619274,,122,6.959864697834392,1.0,0.26666666666666666,e6e4db194763be19,ok
21274eb91200,mem_rmw_intensity_v2,500,600,1,979,32,8,0.25,119,0.21791164331952448,0.05444434561798142,0.24997366918619274,,122,6.959864697834392,1.0,0.5333333333333333,e6e4db194763be19,ok
21274eb91200,mem_rmw_intensity_v2,500,600,1,979,32,16,0.5,60,0.21791164331952448,0.05444434561798142,0.24997366918619274,,122,6.959864697834392,1.0,0.5333333333333333,e6e4db194763be19,ok
21274eb91200,mem_rmw_intensity_v2,500,600,1,979,32,32,1.0,30,0.21791164331952448,0.05444434561798142,0.24997366918619274,,122,6.959864697834392,1.0,0.5333333333333333,e6e4db194763be19,ok
21274eb91200,mem_rmw_intensity_v2,500,600,1,979,64,16,0.25,58,0.21791164331952448,0.05444434561798142,0.24997366918619274,,122,6.959864697834392,1.0,1.0666666666666667,e6e4db194763be19,ok
21274eb91200,mem_rmw_intensity_v2,500,600,1,979,64,32,0.5,29,0.21791164331952448,0.05444434561798142,0.24997366918619274,,122,6.959864697834392,1.0,1.0666666666666667,e6e4db194763be19,ok
21274eb91200,mem_rmw_intensity_v2,500,600,1,979,64,64,1.0,15,0.21791164331952448,0.05444434561798142,0.24997366918619274,,122,6.959864697834392,1.0,1.0666666666666667,e6e4db194763be19,ok
228146a9be79,sandbox_scanner_metadata,500,120,1,197,8,2,0.25,95,0.038831739861347955,0.0029189668749857456,,,195,7.431049838381738,0.9368421052631579,0.2,5a83d59abe6ce3c9,ok
228146a9be79,sandbox_scanner_metadata,500,120,1,197,8,4,0.5,48,0.038831739861347955,0.0029189668749857456,,,195,7.431049838381738,0.9166666666666666,0.2,5a83d59abe6ce3c9,ok
228146a9be79,sandbox_scanner_metadata,500,120,1,197,8,8,1.0,24,0.038831739861347955,0.0029189668749857456,,,195,7.431049838381738,0.9166666666666666,0.2,5a83d59abe6ce3c9,ok
228146a9be79,sandbox_scanner_metadata,500,120,1,197,16,4,0.25,46,0.038831739861347955,0.0029189668749857456,,,195,7.431049838381738,1.0,0.4,5a83d59abe6ce3c9,ok
228146a9be79,sandbox_scanner_metadata,500,120,1,197,16,8,0.5,23,0.038831739861347955,0.0029189668749857456,,,195,7.431049838381738,1.0,0.4,5a83d59abe6ce3c9,ok
228146a9be79,sandbox_scanner_metadata,500,120,1,197,16,16,1.0,12,0.038831739861347955,0.0029189668749857456,,,195,7.431049838381738,1.0,0.4,5a83d59abe6ce3c9,ok
228146a9be79,sandbox_scanner_metadata,500,120,1,197,32,8,0.25,21,0.038831739861347955,0.0029189668749857456,,,195,7.431049838381738,1.0,0.8,5a83d59abe6ce3c9,ok
228146a9be79,sandbox_scanner_metadata,500,120,1,197,32,16,0.5,11,0.038831739861347955,0.0029189668749857456,,,195,7.431049838381738,1.0,0.8,5a83d59abe6ce3c9,ok
228146a9be79,sandbox_scanner_metadata,500,120,1,197,32,32,1.0,6,0.038831739861347955,0.0029189668749857456,,,195,7.431049838381738,1.0,0.8,5a83d59abe6ce3c9,ok
228146a9be79,sandbox_scanner_metadata,500,120,1,197,64,16,0.25,9,0.038831739861347955,0.0029189668749857456,,,195,7.431049838381738,1.0,1.6,5a83d59abe6ce3c9,ok
228146a9be79,sandbox_scanner_metadata,500,120,1,197,64,32,0.5,5,0.038831739861347955,0.0029189668749857456,,,195,7.431049838381738,1.0,1.6,5a83d59abe6ce3c9,ok
228146a9be79,sandbox_scanner_metadata,500,120,1,197,64,64,1.0,3,0.038831739861347955,0.0029189668749857456,,,195,7.431049838381738,1.0,1.6,5a83d59abe6ce3c9,ok
29d1a681c974,sandbox_ransom_selective,500,120,1,49,8,2,0.25,21,0.4119615360182159,0.09330250096042454,,,7,4.09375650370939,1.0,0.2,6762a505a3129ba1,ok
29d1a681c974,sandbox_ransom_selective,500,120,1,49,8,4,0.5,11,0.4119615360182159,0.09330250096042454,,,7,4.09375650370939,1.0,0.2,6762a505a3129ba1,ok
29d1a681c974,sandbox_ransom_selective,500,120,1,49,8,8,1.0,6,0.4119615360182159,0.09330250096042454,,,7,4.09375650370939,1.0,0.2,6762a505a3129ba1,ok
29d1a681c974,sandbox_ransom_selective,500,120,1,49,16,4,0.25,9,0.4119615360182159,0.09330250096042454,,,7,4.09375650370939,1.0,0.4,6762a505a3129ba1,ok
29d1a681c974,sandbox_ransom_selective,500,120,1,49,16,8,0.5,5,0.4119615360182159,0.09330250096042454,,,7,4.09375650370939,1.0,0.4,6762a505a3129ba1,ok
29d1a681c974,sandbox_ransom_selective,500,120,1,49,16,16,1.0,3,0.4119615360182159,0.09330250096042454,,,7,4.09375650370939,1.0,0.4,6762a505a3129ba1,ok
29d1a681c974,sandbox_ransom_selective,500,120,1,49,32,8,0.25,3,0.4119615360182159,0.09330250096042454,,,7,4.09375650370939,1.0,0.8,6762a505a3129ba1,ok
29d1a681c974,sandbox_ransom_selective,500,120,1,49,32,16,0.5,2,0.4119615360182159,0.09330250096042454,,,7,4.09375650370939,1.0,0.8,6762a505a3129ba1,ok
29d1a681c974,sandbox_ransom_selective,500,120,1,49,32,32,1.0,1,0.4119615360182159,0.09330250096042454,,,7,4.09375650370939,1.0,0.8,6762a505a3129ba1,ok
29d1a681c974,sandbox_ransom_selective,500,120,1,49,64,16,0.25,0,,,,,,,,1.6,6762a505a3129ba1,skip:short
29d1a681c974,sandbox_ransom_selective,500,120,1,49,64,32,0.5,0,,,,,,,,1.6,6762a505a3129ba1,skip:short
29d1a681c974,sandbox_ransom_selective,500,120,1,49,64,64,1.0,0,,,,,,,,1.6,6762a505a3129ba1,skip:short
2d03432d6d1e,mem_pagefault_density_v2,500,120,1,195,8,2,0.25,94,0.005633857922676282,0.013012684460783236,2.315674157663372,,28,7.297650805487397,0.9893617021276596,0.13333333333333333,5b97bac3200f9e96,ok
2d03432d6d1e,mem_pagefault_density_v2,500,120,1,195,8,4,0.5,47,0.005633857922676282,0.013012684460783236,2.315674157663372,,28,7.297650805487397,0.9787234042553191,0.13333333333333333,5b97bac3200f9e96,ok
2d03432d6d1e,mem_pagefault_density_v2,500,120,1,195,8,8,1.0,24,0.005633857922676282,0.013012684460783236,2.315674157663372,,28,7.297650805487397,0.9583333333333334,0.13333333333333333,5b97bac3200f9e96,ok
2d03432d6d1e,mem_pagefault_density_v2,500,120,1,195,16,4,0.25,45,0.005633857922676282,0.013012684460783236,2.315674157663372,,28,7.297650805487397,1.0,0.26666666666666666,5b97bac3200f9e96,ok
2d03432d6d1e,mem_pagefault_density_v2,500,120,1,195,16,8,0.5,23,0.005633857922676282,0.013012684460783236,2.315674157663372,,28,7.297650805487397,1.0,0.26666666666666666,5b97bac3200f9e96,ok
2d03432d6d1e,mem_pagefault_density_v2,500,120,1,195,16,16,1.0,12,0.005633857922676282,0.013012684460783236,2.315674157663372,,28,7.297650805487397,1.0,0.26666666666666666,5b97bac3200f9e96,ok
2d03432d6d1e,mem_pagefault_density_v2,500,120,1,195,32,8,0.25,21,0.005633857922676282,0.013012684460783236,2.315674157663372,,28,7.297650805487397,1.0,0.5333333333333333,5b97bac3200f9e96,ok
2d03432d6d1e,mem_pagefault_density_v2,500,120,1,195,32,16,0.5,11,0.005633857922676282,0.013012684460783236,2.315674157663372,,28,7.297650805487397,1.0,0.5333333333333333,5b97bac3200f9e96,ok
2d03432d6d1e,mem_pagefault_density_v2,500,120,1,195,32,32,1.0,6,0.005633857922676282,0.013012684460783236,2.315674157663372,,28,7.297650805487397,1.0,0.5333333333333333,5b97bac3200f9e96,ok
2d03432d6d1e,mem_pagefault_density_v2,500,120,1,195,64,16,0.25,9,0.005633857922676282,0.013012684460783236,2.315674157663372,,28,7.297650805487397,1.0,1.0666666666666667,5b97bac3200f9e96,ok
2d03432d6d1e,mem_pagefault_density_v2,500,120,1,195,64,32,0.5,5,0.005633857922676282,0.013012684460783236,2.315674157663372,,28,7.297650805487397,1.0,1.0666666666666667,5b97bac3200f9e96,ok
2d03432d6d1e,mem_pagefault_density_v2,500,120,1,195,64,64,1.0,3,0.005633857922676282,0.013012684460783236,2.315674157663372,,28,7.297650805487397,1.0,1.0666666666666667,5b97bac3200f9e96,ok
2f62b86c8bc1,sandbox_ransom_selective,500,300,1,105,8,2,0.25,49,0.3737282162620908,0.12460770552279164,,,103,7.319317353723047,1.0,0.2,aa4a3424763ec834,ok
2f62b86c8bc1,sandbox_ransom_selective,500,300,1,105,8,4,0.5,25,0.3737282162620908,0.12460770552279164,,,103,7.319317353723047,1.0,0.2,aa4a3424763ec834,ok
2f62b86c8bc1,sandbox_ransom_selective,500,300,1,105,8,8,1.0,13,0.3737282162620908,0.12460770552279164,,,103,7.319317353723047,1.0,0.2,aa4a3424763ec834,ok
2f62b86c8bc1,sandbox_ransom_selective,500,300,1,105,16,4,0.25,23,0.3737282162620908,0.12460770552279164,,,103,7.319317353723047,1.0,0.4,aa4a3424763ec834,ok
2f62b86c8bc1,sandbox_ransom_selective,500,300,1,105,16,8,0.5,12,0.3737282162620908,0.12460770552279164,,,103,7.319317353723047,1.0,0.4,aa4a3424763ec834,ok
2f62b86c8bc1,sandbox_ransom_selective,500,300,1,105,16,16,1.0,6,0.3737282162620908,0.12460770552279164,,,103,7.319317353723047,1.0,0.4,aa4a3424763ec834,ok
2f62b86c8bc1,sandbox_ransom_selective,500,300,1,105,32,8,0.25,10,0.3737282162620908,0.12460770552279164,,,103,7.319317353723047,1.0,0.8,aa4a3424763ec834,ok
2f62b86c8bc1,sandbox_ransom_selective,500,300,1,105,32,16,0.5,5,0.3737282162620908,0.12460770552279164,,,103,7.319317353723047,1.0,0.8,aa4a3424763ec834,ok
2f62b86c8bc1,sandbox_ransom_selective,500,300,1,105,32,32,1.0,3,0.3737282162620908,0.12460770552279164,,,103,7.319317353723047,1.0,0.8,aa4a3424763ec834,ok
2f62b86c8bc1,sandbox_ransom_selective,500,300,1,105,64,16,0.25,3,0.3737282162620908,0.12460770552279164,,,103,7.319317353723047,1.0,1.6,aa4a3424763ec834,ok
2f62b86c8bc1,sandbox_ransom_selective,500,300,1,105,64,32,0.5,2,0.3737282162620908,0.12460770552279164,,,103,7.319317353723047,1.0,1.6,aa4a3424763ec834,ok
2f62b86c8bc1,sandbox_ransom_selective,500,300,1,105,64,64,1.0,1,0.3737282162620908,0.12460770552279164,,,103,7.319317353723047,1.0,1.6,aa4a3424763ec834,ok
3a6ee6a0b17c,sandbox_ransom_slowburn,500,120,2,157,8,2,0.25,75,0.0029402811815784236,0.017782082615053395,,,143,9.426237158307535,0.9866666666666667,0.2,ae1457e05c953707,ok
3a6ee6a0b17c,sandbox_ransom_slowburn,500,120,2,157,8,4,0.5,38,0.0029402811815784236,0.017782082615053395,,,143,9.426237158307535,0.9736842105263158,0.2,ae1457e05c953707,ok
3a6ee6a0b17c,sandbox_ransom_slowburn,500,120,2,157,8,8,1.0,19,0.0029402811815784236,0.017782082615053395,,,143,9.426237158307535,0.9473684210526315,0.2,ae1457e05c953707,ok
3a6ee6a0b17c,sandbox_ransom_slowburn,500,120,2,157,16,4,0.25,36,0.0029402811815784236,0.017782082615053395,,,143,9.426237158307535,1.0,0.4,ae1457e05c953707,ok
3a6ee6a0b17c,sandbox_ransom_slowburn,500,120,2,157,16,8,0.5,18,0.0029402811815784236,0.017782082615053395,,,143,9.426237158307535,1.0,0.4,ae1457e05c953707,ok
3a6ee6a0b17c,sandbox_ransom_slowburn,500,120,2,157,16,16,1.0,9,0.0029402811815784236,0.017782082615053395,,,143,9.426237158307535,1.0,0.4,ae1457e05c953707,ok
3a6ee6a0b17c,sandbox_ransom_slowburn,500,120,2,157,32,8,0.25,16,0.0029402811815784236,0.017782082615053395,,,143,9.426237158307535,1.0,0.8,ae1457e05c953707,ok
3a6ee6a0b17c,sandbox_ransom_slowburn,500,120,2,157,32,16,0.5,8,0.0029402811815784236,0.017782082615053395,,,143,9.426237158307535,1.0,0.8,ae1457e05c953707,ok
3a6ee6a0b17c,sandbox_ransom_slowburn,500,120,2,157,32,32,1.0,4,0.0029402811815784236,0.017782082615053395,,,143,9.426237158307535,1.0,0.8,ae1457e05c953707,ok
3a6ee6a0b17c,sandbox_ransom_slowburn,500,120,2,157,64,16,0.25,6,0.0029402811815784236,0.017782082615053395,,,143,9.426237158307535,1.0,1.6,ae1457e05c953707,ok
3a6ee6a0b17c,sandbox_ransom_slowburn,500,120,2,157,64,32,0.5,3,0.0029402811815784236,0.017782082615053395,,,143,9.426237158307535,1.0,1.6,ae1457e05c953707,ok
3a6ee6a0b17c,sandbox_ransom_slowburn,500,120,2,157,64,64,1.0,2,0.0029402811815784236,0.017782082615053395,,,143,9.426237158307535,1.0,1.6,ae1457e05c953707,ok
3b16ee9f069d,mem_pagefault_density_v2,500,300,1,490,8,2,0.25,242,0.0049871717180524555,0.009999429861144299,2.0070792768133066,,240,9.621708806844994,0.9958677685950413,0.13333333333333333,4f29b463432d15a2,ok
3b16ee9f069d,mem_pagefault_density_v2,500,300,1,490,8,4,0.5,121,0.0049871717180524555,0.009999429861144299,2.0070792768133066,,240,9.621708806844994,0.9917355371900827,0.13333333333333333,4f29b463432d15a2,ok
3b16ee9f069d,mem_pagefault_density_v2,500,300,1,490,8,8,1.0,61,0.0049871717180524555,0.009999429861144299,2.0070792768133066,,240,9.621708806844994,0.9836065573770492,0.13333333333333333,4f29b463432d15a2,ok
3b16ee9f069d,mem_pagefault_density_v2,500,300,1,490,16,4,0.25,119,0.0049871717180524555,0.009999429861144299,2.0070792768133066,,240,9.621708806844994,0.9915966386554622,0.26666666666666666,4f29b463432d15a2,ok
3b16ee9f069d,mem_pagefault_density_v2,500,300,1,490,16,8,0.5,60,0.0049871717180524555,0.009999429861144299,2.0070792768133066,,240,9.621708806844994,0.9833333333333333,0.26666666666666666,4f29b463432d15a2,ok
3b16ee9f069d,mem_pagefault_density_v2,500,300,1,490,16,16,1.0,30,0.0049871717180524555,0.009999429861144299,2.0070792768133066,,240,9.621708806844994,0.9666666666666667,0.26666666666666666,4f29b463432d15a2,ok
3b16ee9f069d,mem_pagefault_density_v2,500,300,1,490,32,8,0.25,58,0.0049871717180524555,0.009999429861144299,2.0070792768133066,,240,9.621708806844994,1.0,0.5333333333333333,4f29b463432d15a2,ok
3b16ee9f069d,mem_pagefault_density_v2,500,300,1,490,32,16,0.5,29,0.0049871717180524555,0.009999429861144299,2.0070792768133066,,240,9.621708806844994,1.0,0.5333333333333333,4f29b463432d15a2,ok
3b16ee9f069d,mem_pagefault_density_v2,500,300,1,490,32,32,1.0,15,0.0049871717180524555,0.009999429861144299,2.0070792768133066,,240,9.621708806844994,1.0,0.5333333333333333,4f29b463432d15a2,ok
3b16ee9f069d,mem_pagefault_density_v2,500,300,1,490,64,16,0.25,27,0.0049871717180524555,0.009999429861144299,2.0070792768133066,,240,9.621708806844994,1.0,1.0666666666666667,4f29b463432d15a2,ok
3b16ee9f069d,mem_pagefault_density_v2,500,300,1,490,64,32,0.5,14,0.0049871717180524555,0.009999429861144299,2.0070792768133066,,240,9.621708806844994,1.0,1.0666666666666667,4f29b463432d15a2,ok
3b16ee9f069d,mem_pagefault_density_v2,500,300,1,490,64,64,1.0,7,0.0049871717180524555,0.009999429861144299,2.0070792768133066,,240,9.621708806844994,1.0,1.0666666666666667,4f29b463432d15a2,ok
3e9fefff31ae,mem_workingset_sweep_v2,500,300,1,490,8,2,0.25,242,0.25065389360700335,0.0013126279625179124,0.005242166453181733,,462,10.722227999662037,0.9462809917355371,0.13333333333333333,bb51c3a948c448e4,ok
3e9fefff31ae,mem_workingset_sweep_v2,500,300,1,490,8,4,0.5,121,0.25065389360700335,0.0013126279625179124,0.005242166453181733,,462,10.722227999662037,0.9421487603305785,0.13333333333333333,bb51c3a948c448e4,ok
3e9fefff31ae,mem_workingset_sweep_v2,500,300,1,490,8,8,1.0,61,0.25065389360700335,0.0013126279625179124,0.005242166453181733,,462,10.722227999662037,0.9344262295081968,0.13333333333333333,bb51c3a948c448e4,ok
3e9fefff31ae,mem_workingset_sweep_v2,500,300,1,490,16,4,0.25,119,0.25065389360700335,0.0013126279625179124,0.005242166453181733,,462,10.722227999662037,0.957983193277311,0.26666666666666666,bb51c3a948c448e4,ok
3e9fefff31ae,mem_workingset_sweep_v2,500,300,1,490,16,8,0.5,60,0.25065389360700335,0.0013126279625179124,0.005242166453181733,,462,10.722227999662037,0.95,0.26666666666666666,bb51c3a948c448e4,ok
3e9fefff31ae,mem_workingset_sweep_v2,500,300,1,490,16,16,1.0,30,0.25065389360700335,0.0013126279625179124,0.005242166453181733,,462,10.722227999662037,0.9333333333333333,0.26666666666666666,bb51c3a948c448e4,ok
3e9fefff31ae,mem_workingset_sweep_v2,500,300,1,490,32,8,0.25,58,0.25065389360700335,0.0013126279625179124,0.005242166453181733,,462,10.722227999662037,0.9827586206896551,0.5333333333333333,bb51c3a948c448e4,ok
3e9fefff31ae,mem_workingset_sweep_v2,500,300,1,490,32,16,0.5,29,0.25065389360700335,0.0013126279625179124,0.005242166453181733,,462,10.722227999662037,0.9655172413793104,0.5333333333333333,bb51c3a948c448e4,ok
3e9fefff31ae,mem_workingset_sweep_v2,500,300,1,490,32,32,1.0,15,0.25065389360700335,0.0013126279625179124,0.005242166453181733,,462,10.722227999662037,0.9333333333333333,0.5333333333333333,bb51c3a948c448e4,ok
3e9fefff31ae,mem_workingset_sweep_v2,500,300,1,490,64,16,0.25,27,0.25065389360700335,0.0013126279625179124,0.005242166453181733,,462,10.722227999662037,1.0,1.0666666666666667,bb51c3a948c448e4,ok
3e9fefff31ae,mem_workingset_sweep_v2,500,300,1,490,64,32,0.5,14,0.25065389360700335,0.0013126279625179124,0.005242166453181733,,462,10.722227999662037,1.0,1.0666666666666667,bb51c3a948c448e4,ok
3e9fefff31ae,mem_workingset_sweep_v2,500,300,1,490,64,64,1.0,7,0.25065389360700335,0.0013126279625179124,0.005242166453181733,,462,10.722227999662037,1.0,1.0666666666666667,bb51c3a948c448e4,ok
3fe1ad0dfc55,sandbox_ransom_batched,500,600,2,613,8,2,0.25,303,0.008049347272315967,0.004354453939249777,,,588,13.526816996781093,0.9801980198019802,0.2,15b9050a9d4393e9,ok
3fe1ad0dfc55,sandbox_ransom_batched,500,600,2,613,8,4,0.5,152,0.008049347272315967,0.004354453939249777,,,588,13.526816996781093,0.9736842105263158,0.2,15b9050a9d4393e9,ok
3fe1ad0dfc55,sandbox_ransom_batched,500,600,2,613,8,8,1.0,76,0.008049347272315967,0.004354453939249777,,,588,13.526816996781093,0.9605263157894737,0.2,15b9050a9d4393e9,ok
3fe1ad0dfc55,sandbox_ransom_batched,500,600,2,613,16,4,0.25,150,0.008049347272315967,0.004354453939249777,,,588,13.526816996781093,0.9866666666666667,0.4,15b9050a9d4393e9,ok
3fe1ad0dfc55,sandbox_ransom_batched,500,600,2,613,16,8,0.5,75,0.008049347272315967,0.004354453939249777,,,588,13.526816996781093,0.9866666666666667,0.4,15b9050a9d4393e9,ok
3fe1ad0dfc55,sandbox_ransom_batched,500,600,2,613,16,16,1.0,38,0.008049347272315967,0.004354453939249777,,,588,13.526816996781093,0.9736842105263158,0.4,15b9050a9d4393e9,ok
3fe1ad0dfc55,sandbox_ransom_batched,500,600,2,613,32,8,0.25,73,0.008049347272315967,0.004354453939249777,,,588,13.526816996781093,0.9863013698630136,0.8,15b9050a9d4393e9,ok
3fe1ad0dfc55,sandbox_ransom_batched,500,600,2,613,32,16,0.5,37,0.008049347272315967,0.004354453939249777,,,588,13.526816996781093,0.972972972972973,0.8,15b9050a9d4393e9,ok
3fe1ad0dfc55,sandbox_ransom_batched,500,600,2,613,32,32,1.0,19,0.008049347272315967,0.004354453939249777,,,588,13.526816996781093,0.9473684210526315,0.8,15b9050a9d4393e9,ok
3fe1ad0dfc55,sandbox_ransom_batched,500,600,2,613,64,16,0.25,35,0.008049347272315967,0.004354453939249777,,,588,13.526816996781093,1.0,1.6,15b9050a9d4393e9,ok
3fe1ad0dfc55,sandbox_ransom_batched,500,600,2,613,64,32,0.5,18,0.008049347272315967,0.004354453939249777,,,588,13.526816996781093,1.0,1.6,15b9050a9d4393e9,ok
3fe1ad0dfc55,sandbox_ransom_batched,500,600,2,613,64,64,1.0,9,0.008049347272315967,0.004354453939249777,,,588,13.526816996781093,1.0,1.6,15b9050a9d4393e9,ok
460e0dded30c,app_hashtable_intensive_v2,500,600,1,982,8,2,0.25,488,0.15462611212021465,0.1171522724682271,0.7580347606905854,,978,14.143665298015682,1.0,0.13333333333333333,60b4cfad91a9a646,ok
460e0dded30c,app_hashtable_intensive_v2,500,600,1,982,8,4,0.5,244,0.15462611212021465,0.1171522724682271,0.7580347606905854,,978,14.143665298015682,1.0,0.13333333333333333,60b4cfad91a9a646,ok
460e0dded30c,app_hashtable_intensive_v2,500,600,1,982,8,8,1.0,122,0.15462611212021465,0.1171522724682271,0.7580347606905854,,978,14.143665298015682,1.0,0.13333333333333333,60b4cfad91a9a646,ok
460e0dded30c,app_hashtable_intensive_v2,500,600,1,982,16,4,0.25,242,0.15462611212021465,0.1171522724682271,0.7580347606905854,,978,14.143665298015682,1.0,0.26666666666666666,60b4cfad91a9a646,ok
460e0dded30c,app_hashtable_intensive_v2,500,600,1,982,16,8,0.5,121,0.15462611212021465,0.1171522724682271,0.7580347606905854,,978,14.143665298015682,1.0,0.26666666666666666,60b4cfad91a9a646,ok
460e0dded30c,app_hashtable_intensive_v2,500,600,1,982,16,16,1.0,61,0.15462611212021465,0.1171522724682271,0.7580347606905854,,978,14.143665298015682,1.0,0.26666666666666666,60b4cfad91a9a646,ok
460e0dded30c,app_hashtable_intensive_v2,500,600,1,982,32,8,0.25,119,0.15462611212021465,0.1171522724682271,0.7580347606905854,,978,14.143665298015682,1.0,0.5333333333333333,60b4cfad91a9a646,ok
460e0dded30c,app_hashtable_intensive_v2,500,600,1,982,32,16,0.5,60,0.15462611212021465,0.1171522724682271,0.7580347606905854,,978,14.143665298015682,1.0,0.5333333333333333,60b4cfad91a9a646,ok
460e0dded30c,app_hashtable_intensive_v2,500,600,1,982,32,32,1.0,30,0.15462611212021465,0.1171522724682271,0.7580347606905854,,978,14.143665298015682,1.0,0.5333333333333333,60b4cfad91a9a646,ok
460e0dded30c,app_hashtable_intensive_v2,500,600,1,982,64,16,0.25,58,0.15462611212021465,0.1171522724682271,0.7580347606905854,,978,14.143665298015682,1.0,1.0666666666666667,60b4cfad91a9a646,ok
460e0dded30c,app_hashtable_intensive_v2,500,600,1,982,64,32,0.5,29,0.15462611212021465,0.1171522724682271,0.7580347606905854,,978,14.143665298015682,1.0,1.0666666666666667,60b4cfad91a9a646,ok
460e0dded30c,app_hashtable_intensive_v2,500,600,1,982,64,64,1.0,15,0.15462611212021465,0.1171522724682271,0.7580347606905854,,978,14.143665298015682,1.0,1.0666666666666667,60b4cfad91a9a646,ok
4b0c56d230f1,mem_rmw_intensity_v2,500,600,2,975,8,2,0.25,484,0.2181753422663762,0.05569646986072807,0.25541407917086084,,973,7.8703578377441294,0.987603305785124,0.13333333333333333,72886b49b8639b9e,ok
4b0c56d230f1,mem_rmw_intensity_v2,500,600,2,975,8,4,0.5,242,0.2181753422663762,0.05569646986072807,0.25541407917086084,,973,7.8703578377441294,0.9793388429752066,0.13333333333333333,72886b49b8639b9e,ok
4b0c56d230f1,mem_rmw_intensity_v2,500,600,2,975,8,8,1.0,121,0.2181753422663762,0.05569646986072807,0.25541407917086084,,973,7.8703578377441294,0.9752066115702479,0.13333333333333333,72886b49b8639b9e,ok
4b0c56d230f1,mem_rmw_intensity_v2,500,600,2,975,16,4,0.25,240,0.2181753422663762,0.05569646986072807,0.25541407917086084,,973,7.8703578377441294,1.0,0.26666666666666666,72886b49b8639b9e,ok
4b0c56d230f1,mem_rmw_intensity_v2,500,600,2,975,16,8,0.5,120,0.2181753422663762,0.05569646986072807,0.25541407917086084,,973,7.8703578377441294,1.0,0.26666666666666666,72886b49b8639b9e,ok
4b0c56d230f1,mem_rmw_intensity_v2,500,600,2,975,16,16,1.0,60,0.2181753422663762,0.05569646986072807,0.25541407917086084,,973,7.8703578377441294,1.0,0.26666666666666666,72886b49b8639b9e,ok
4b0c56d230f1,mem_rmw_intensity_v2,500,600,2,975,32,8,0.25,118,0.2181753422663762,0.05569646986072807,0.25541407917086084,,973,7.8703578377441294,1.0,0.5333333333333333,72886b49b8639b9e,ok
4b0c56d230f1,mem_rmw_intensity_v2,500,600,2,975,32,16,0.5,59,0.2181753422663762,0.05569646986072807,0.25541407917086084,,973,7.8703578377441294,1.0,0.5333333333333333,72886b49b8639b9e,ok
4b0c56d230f1,mem_rmw_intensity_v2,500,600,2,975,32,32,1.0,30,0.2181753422663762,0.05569646986072807,0.25541407917086084,,973,7.8703578377441294,1.0,0.5333333333333333,72886b49b8639b9e,ok
4b0c56d230f1,mem_rmw_intensity_v2,500,600,2,975,64,16,0.25,57,0.2181753422663762,0.05569646986072807,0.25541407917086084,,973,7.8703578377441294,1.0,1.0666666666666667,72886b49b8639b9e,ok
4b0c56d230f1,mem_rmw_intensity_v2,500,600,2,975,64,32,0.5,29,0.2181753422663762,0.05569646986072807,0.25541407917086084,,973,7.8703578377441294,1.0,1.0666666666666667,72886b49b8639b9e,ok
4b0c56d230f1,mem_rmw_intensity_v2,500,600,2,975,64,64,1.0,15,0.2181753422663762,0.05569646986072807,0.25541407917086084,,973,7.8703578377441294,1.0,1.0666666666666667,72886b49b8639b9e,ok
50d1800116a6,mem_mmap_traversal_v2,500,300,2,256,8,2,0.25,125,0.20770788192749023,0.0625560404129143,0.30176312384214055,,255,7.151845491020651,0.976,0.13333333333333333,9c80d08ad7a9a481,ok
50d1800116a6,mem_mmap_traversal_v2,500,300,2,256,8,4,0.5,63,0.20770788192749023,0.0625560404129143,0.30176312384214055,,255,7.151845491020651,0.9841269841269841,0.13333333333333333,9c80d08ad7a9a481,ok
50d1800116a6,mem_mmap_traversal_v2,500,300,2,256,8,8,1.0,32,0.20770788192749023,0.0625560404129143,0.30176312384214055,,255,7.151845491020651,0.96875,0.13333333333333333,9c80d08ad7a9a481,ok
50d1800116a6,mem_mmap_traversal_v2,500,300,2,256,16,4,0.25,61,0.20770788192749023,0.0625560404129143,0.30176312384214055,,255,7.151845491020651,1.0,0.26666666666666666,9c80d08ad7a9a481,ok
50d1800116a6,mem_mmap_traversal_v2,500,300,2,256,16,8,0.5,31,0.20770788192749023,0.0625560404129143,0.30176312384214055,,255,7.151845491020651,1.0,0.26666666666666666,9c80d08ad7a9a481,ok
50d1800116a6,mem_mmap_traversal_v2,500,300,2,256,16,16,1.0,16,0.20770788192749023,0.0625560404129143,0.30176312384214055,,255,7.151845491020651,1.0,0.26666666666666666,9c80d08ad7a9a481,ok
50d1800116a6,mem_mmap_traversal_v2,500,300,2,256,32,8,0.25,29,0.20770788192749023,0.0625560404129143,0.30176312384214055,,255,7.151845491020651,1.0,0.5333333333333333,9c80d08ad7a9a481,ok
50d1800116a6,mem_mmap_traversal_v2,500,300,2,256,32,16,0.5,15,0.20770788192749023,0.0625560404129143,0.30176312384214055,,255,7.151845491020651,1.0,0.5333333333333333,9c80d08ad7a9a481,ok
50d1800116a6,mem_mmap_traversal_v2,500,300,2,256,32,32,1.0,8,0.20770788192749023,0.0625560404129143,0.30176312384214055,,255,7.151845491020651,1.0,0.5333333333333333,9c80d08ad7a9a481,ok
50d1800116a6,mem_mmap_traversal_v2,500,300,2,256,64,16,0.25,13,0.20770788192749023,0.0625560404129143,0.30176312384214055,,255,7.151845491020651,1.0,1.0666666666666667,9c80d08ad7a9a481,ok
50d1800116a6,mem_mmap_traversal_v2,500,300,2,256,64,32,0.5,7,0.20770788192749023,0.0625560404129143,0.30176312384214055,,255,7.151845491020651,1.0,1.0666666666666667,9c80d08ad7a9a481,ok
50d1800116a6,mem_mmap_traversal_v2,500,300,2,256,64,64,1.0,4,0.20770788192749023,0.0625560404129143,0.30176312384214055,,255,7.151845491020651,1.0,1.0666666666666667,9c80d08ad7a9a481,ok
52d372d38cce,sandbox_ransom_batched,500,120,2,193,8,2,0.25,93,0.007441584928048089,0.0019867041082567605,,,191,8.565859481977848,0.989247311827957,0.2,78e5775542c2315e,ok
52d372d38cce,sandbox_ransom_batched,500,120,2,193,8,4,0.5,47,0.007441584928048089,0.0019867041082567605,,,191,8.565859481977848,0.9787234042553191,0.2,78e5775542c2315e,ok
52d372d38cce,sandbox_ransom_batched,500,120,2,193,8,8,1.0,24,0.007441584928048089,0.0019867041082567605,,,191,8.565859481977848,0.9583333333333334,0.2,78e5775542c2315e,ok
52d372d38cce,sandbox_ransom_batched,500,120,2,193,16,4,0.25,45,0.007441584928048089,0.0019867041082567605,,,191,8.565859481977848,0.9777777777777777,0.4,78e5775542c2315e,ok
52d372d38cce,sandbox_ransom_batched,500,120,2,193,16,8,0.5,23,0.007441584928048089,0.0019867041082567605,,,191,8.565859481977848,0.9565217391304348,0.4,78e5775542c2315e,ok
52d372d38cce,sandbox_ransom_batched,500,120,2,193,16,16,1.0,12,0.007441584928048089,0.0019867041082567605,,,191,8.565859481977848,0.9166666666666666,0.4,78e5775542c2315e,ok
52d372d38cce,sandbox_ransom_batched,500,120,2,193,32,8,0.25,21,0.007441584928048089,0.0019867041082567605,,,191,8.565859481977848,1.0,0.8,78e5775542c2315e,ok
52d372d38cce,sandbox_ransom_batched,500,120,2,193,32,16,0.5,11,0.007441584928048089,0.0019867041082567605,,,191,8.565859481977848,1.0,0.8,78e5775542c2315e,ok
52d372d38cce,sandbox_ransom_batched,500,120,2,193,32,32,1.0,6,0.007441584928048089,0.0019867041082567605,,,191,8.565859481977848,1.0,0.8,78e5775542c2315e,ok
52d372d38cce,sandbox_ransom_batched,500,120,2,193,64,16,0.25,9,0.007441584928048089,0.0019867041082567605,,,191,8.565859481977848,1.0,1.6,78e5775542c2315e,ok
52d372d38cce,sandbox_ransom_batched,500,120,2,193,64,32,0.5,5,0.007441584928048089,0.0019867041082567605,,,191,8.565859481977848,1.0,1.6,78e5775542c2315e,ok
52d372d38cce,sandbox_ransom_batched,500,120,2,193,64,64,1.0,3,0.007441584928048089,0.0019867041082567605,,,191,8.565859481977848,1.0,1.6,78e5775542c2315e,ok
54cec30077b5,sandbox_ransom_slowburn,500,300,2,464,8,2,0.25,229,0.001696890798108331,0.010454755747869315,,,458,16.167988943739037,0.9956331877729258,0.2,02894cef9aca4b2a,ok
54cec30077b5,sandbox_ransom_slowburn,500,300,2,464,8,4,0.5,115,0.001696890798108331,0.010454755747869315,,,458,16.167988943739037,0.991304347826087,0.2,02894cef9aca4b2a,ok
54cec30077b5,sandbox_ransom_slowburn,500,300,2,464,8,8,1.0,58,0.001696890798108331,0.010454755747869315,,,458,16.167988943739037,0.9827586206896551,0.2,02894cef9aca4b2a,ok
54cec30077b5,sandbox_ransom_slowburn,500,300,2,464,16,4,0.25,113,0.001696890798108331,0.010454755747869315,,,458,16.167988943739037,0.9911504424778761,0.4,02894cef9aca4b2a,ok
54cec30077b5,sandbox_ransom_slowburn,500,300,2,464,16,8,0.5,57,0.001696890798108331,0.010454755747869315,,,458,16.167988943739037,0.9824561403508771,0.4,02894cef9aca4b2a,ok
54cec30077b5,sandbox_ransom_slowburn,500,300,2,464,16,16,1.0,29,0.001696890798108331,0.010454755747869315,,,458,16.167988943739037,0.9655172413793104,0.4,02894cef9aca4b2a,ok
54cec30077b5,sandbox_ransom_slowburn,500,300,2,464,32,8,0.25,55,0.001696890798108331,0.010454755747869315,,,458,16.167988943739037,1.0,0.8,02894cef9aca4b2a,ok
54cec30077b5,sandbox_ransom_slowburn,500,300,2,464,32,16,0.5,28,0.001696890798108331,0.010454755747869315,,,458,16.167988943739037,1.0,0.8,02894cef9aca4b2a,ok
54cec30077b5,sandbox_ransom_slowburn,500,300,2,464,32,32,1.0,14,0.001696890798108331,0.010454755747869315,,,458,16.167988943739037,1.0,0.8,02894cef9aca4b2a,ok
54cec30077b5,sandbox_ransom_slowburn,500,300,2,464,64,16,0.25,26,0.001696890798108331,0.010454755747869315,,,458,16.167988943739037,1.0,1.6,02894cef9aca4b2a,ok
54cec30077b5,sandbox_ransom_slowburn,500,300,2,464,64,32,0.5,13,0.001696890798108331,0.010454755747869315,,,458,16.167988943739037,1.0,1.6,02894cef9aca4b2a,ok
54cec30077b5,sandbox_ransom_slowburn,500,300,2,464,64,64,1.0,7,0.001696890798108331,0.010454755747869315,,,458,16.167988943739037,1.0,1.6,02894cef9aca4b2a,ok
5a4504b81972,sandbox_ransom_batched,500,600,1,933,8,2,0.25,463,0.007550140413568462,0.0024451103767688357,,,456,13.564385396954826,0.980561555075594,0.2,87ef4793e1b2b876,ok
5a4504b81972,sandbox_ransom_batched,500,600,1,933,8,4,0.5,232,0.007550140413568462,0.0024451103767688357,,,456,13.564385396954826,0.978448275862069,0.2,87ef4793e1b2b876,ok
5a4504b81972,sandbox_ransom_batched,500,600,1,933,8,8,1.0,116,0.007550140413568462,0.0024451103767688357,,,456,13.564385396954826,0.9741379310344828,0.2,87ef4793e1b2b876,ok
5a4504b81972,sandbox_ransom_batched,500,600,1,933,16,4,0.25,230,0.007550140413568462,0.0024451103767688357,,,456,13.564385396954826,0.991304347826087,0.4,87ef4793e1b2b876,ok
5a4504b81972,sandbox_ransom_batched,500,600,1,933,16,8,0.5,115,0.007550140413568462,0.0024451103767688357,,,456,13.564385396954826,0.991304347826087,0.4,87ef4793e1b2b876,ok
5a4504b81972,sandbox_ransom_batched,500,600,1,933,16,16,1.0,58,0.007550140413568462,0.0024451103767688357,,,456,13.564385396954826,0.9827586206896551,0.4,87ef4793e1b2b876,ok
5a4504b81972,sandbox_ransom_batched,500,600,1,933,32,8,0.25,113,0.007550140413568462,0.0024451103767688357,,,456,13.564385396954826,0.9911504424778761,0.8,87ef4793e1b2b876,ok
5a4504b81972,sandbox_ransom_batched,500,600,1,933,32,16,0.5,57,0.007550140413568462,0.0024451103767688357,,,456,13.564385396954826,0.9824561403508771,0.8,87ef4793e1b2b876,ok
5a4504b81972,sandbox_ransom_batched,500,600,1,933,32,32,1.0,29,0.007550140413568462,0.0024451103767688357,,,456,13.564385396954826,0.9655172413793104,0.8,87ef4793e1b2b876,ok
5a4504b81972,sandbox_ransom_batched,500,600,1,933,64,16,0.25,55,0.007550140413568462,0.0024451103767688357,,,456,13.564385396954826,1.0,1.6,87ef4793e1b2b876,ok
5a4504b81972,sandbox_ransom_batched,500,600,1,933,64,32,0.5,28,0.007550140413568462,0.0024451103767688357,,,456,13.564385396954826,1.0,1.6,87ef4793e1b2b876,ok
5a4504b81972,sandbox_ransom_batched,500,600,1,933,64,64,1.0,14,0.007550140413568462,0.0024451103767688357,,,456,13.564385396954826,1.0,1.6,87ef4793e1b2b876,ok
5f804715ffb9,sandbox_ransom_slowburn,500,300,1,372,8,2,0.25,183,0.0021339231921780493,0.012808962718713622,,,357,15.26044246152608,0.994535519125683,0.2,60c773129edc1d01,ok
5f804715ffb9,sandbox_ransom_slowburn,500,300,1,372,8,4,0.5,92,0.0021339231921780493,0.012808962718713622,,,357,15.26044246152608,0.9891304347826086,0.2,60c773129edc1d01,ok
5f804715ffb9,sandbox_ransom_slowburn,500,300,1,372,8,8,1.0,46,0.0021339231921780493,0.012808962718713622,,,357,15.26044246152608,0.9782608695652174,0.2,60c773129edc1d01,ok
5f804715ffb9,sandbox_ransom_slowburn,500,300,1,372,16,4,0.25,90,0.0021339231921780493,0.012808962718713622,,,357,15.26044246152608,0.9888888888888889,0.4,60c773129edc1d01,ok
5f804715ffb9,sandbox_ransom_slowburn,500,300,1,372,16,8,0.5,45,0.0021339231921780493,0.012808962718713622,,,357,15.26044246152608,0.9777777777777777,0.4,60c773129edc1d01,ok
5f804715ffb9,sandbox_ransom_slowburn,500,300,1,372,16,16,1.0,23,0.0021339231921780493,0.012808962718713622,,,357,15.26044246152608,0.9565217391304348,0.4,60c773129edc1d01,ok
5f804715ffb9,sandbox_ransom_slowburn,500,300,1,372,32,8,0.25,43,0.0021339231921780493,0.012808962718713622,,,357,15.26044246152608,1.0,0.8,60c773129edc1d01,ok
5f804715ffb9,sandbox_ransom_slowburn,500,300,1,372,32,16,0.5,22,0.0021339231921780493,0.012808962718713622,,,357,15.26044246152608,1.0,0.8,60c773129edc1d01,ok
5f804715ffb9,sandbox_ransom_slowburn,500,300,1,372,32,32,1.0,11,0.0021339231921780493,0.012808962718713622,,,357,15.26044246152608,1.0,0.8,60c773129edc1d01,ok
5f804715ffb9,sandbox_ransom_slowburn,500,300,1,372,64,16,0.25,20,0.0021339231921780493,0.012808962718713622,,,357,15.26044246152608,1.0,1.6,60c773129edc1d01,ok
5f804715ffb9,sandbox_ransom_slowburn,500,300,1,372,64,32,0.5,10,0.0021339231921780493,0.012808962718713622,,,357,15.26044246152608,1.0,1.6,60c773129edc1d01,ok
5f804715ffb9,sandbox_ransom_slowburn,500,300,1,372,64,64,1.0,5,0.0021339231921780493,0.012808962718713622,,,357,15.26044246152608,1.0,1.6,60c773129edc1d01,ok
6a5b7afb2a58,mem_pagefault_density_v2,500,600,1,979,8,2,0.25,486,0.004593203333230257,0.005696894363666985,1.2409217987329546,,968,10.634865773203565,0.9979423868312757,0.13333333333333333,b6024ac2453b30f0,ok
6a5b7afb2a58,mem_pagefault_density_v2,500,600,1,979,8,4,0.5,243,0.004593203333230257,0.005696894363666985,1.2409217987329546,,968,10.634865773203565,0.9958847736625515,0.13333333333333333,b6024ac2453b30f0,ok
6a5b7afb2a58,mem_pagefault_density_v2,500,600,1,979,8,8,1.0,122,0.004593203333230257,0.005696894363666985,1.2409217987329546,,968,10.634865773203565,0.9918032786885246,0.13333333333333333,b6024ac2453b30f0,ok
6a5b7afb2a58,mem_pagefault_density_v2,500,600,1,979,16,4,0.25,241,0.004593203333230257,0.005696894363666985,1.2409217987329546,,968,10.634865773203565,0.995850622406639,0.26666666666666666,b6024ac2453b30f0,ok
6a5b7afb2a58,mem_pagefault_density_v2,500,600,1,979,16,8,0.5,121,0.004593203333230257,0.005696894363666985,1.2409217987329546,,968,10.634865773203565,0.9917355371900827,0.26666666666666666,b6024ac2453b30f0,ok
6a5b7afb2a58,mem_pagefault_density_v2,500,600,1,979,16,16,1.0,61,0.004593203333230257,0.005696894363666985,1.2409217987329546,,968,10.634865773203565,0.9836065573770492,0.26666666666666666,b6024ac2453b30f0,ok
6a5b7afb2a58,mem_pagefault_density_v2,500,600,1,979,32,8,0.25,119,0.004593203333230257,0.005696894363666985,1.2409217987329546,,968,10.634865773203565,0.9915966386554622,0.5333333333333333,b6024ac2453b30f0,ok
6a5b7afb2a58,mem_pagefault_density_v2,500,600,1,979,32,16,0.5,60,0.004593203333230257,0.005696894363666985,1.2409217987329546,,968,10.634865773203565,0.9833333333333333,0.5333333333333333,b6024ac2453b30f0,ok
6a5b7afb2a58,mem_pagefault_density_v2,500,600,1,979,32,32,1.0,30,0.004593203333230257,0.005696894363666985,1.2409217987329546,,968,10.634865773203565,0.9666666666666667,0.5333333333333333,b6024ac2453b30f0,ok
6a5b7afb2a58,mem_pagefault_density_v2,500,600,1,979,64,16,0.25,58,0.004593203333230257,0.005696894363666985,1.2409217987329546,,968,10.634865773203565,1.0,1.0666666666666667,b6024ac2453b30f0,ok
6a5b7afb2a58,mem_pagefault_density_v2,500,600,1,979,64,32,0.5,29,0.004593203333230257,0.005696894363666985,1.2409217987329546,,968,10.634865773203565,1.0,1.0666666666666667,b6024ac2453b30f0,ok
6a5b7afb2a58,mem_pagefault_density_v2,500,600,1,979,64,64,1.0,15,0.004593203333230257,0.005696894363666985,1.2409217987329546,,968,10.634865773203565,1.0,1.0666666666666667,b6024ac2453b30f0,ok
6e6a4ac8b787,app_hashtable_intensive_v2,500,300,1,491,8,2,0.25,242,0.15443592887303495,0.11690492942878995,0.757752164450761,,486,15.779986147046742,1.0,0.13333333333333333,2dbbff5d426c6ad4,ok
6e6a4ac8b787,app_hashtable_intensive_v2,500,300,1,491,8,4,0.5,121,0.15443592887303495,0.11690492942878995,0.757752164450761,,486,15.779986147046742,1.0,0.13333333333333333,2dbbff5d426c6ad4,ok
6e6a4ac8b787,app_hashtable_intensive_v2,500,300,1,491,8,8,1.0,61,0.15443592887303495,0.11690492942878995,0.757752164450761,,486,15.779986147046742,1.0,0.13333333333333333,2dbbff5d426c6ad4,ok
6e6a4ac8b787,app_hashtable_intensive_v2,500,300,1,491,16,4,0.25,119,0.15443592887303495,0.11690492942878995,0.757752164450761,,486,15.779986147046742,1.0,0.26666666666666666,2dbbff5d426c6ad4,ok
6e6a4ac8b787,app_hashtable_intensive_v2,500,300,1,491,16,8,0.5,60,0.15443592887303495,0.11690492942878995,0.757752164450761,,486,15.779986147046742,1.0,0.26666666666666666,2dbbff5d426c6ad4,ok
6e6a4ac8b787,app_hashtable_intensive_v2,500,300,1,491,16,16,1.0,30,0.15443592887303495,0.11690492942878995,0.757752164450761,,486,15.779986147046742,1.0,0.26666666666666666,2dbbff5d426c6ad4,ok
6e6a4ac8b787,app_hashtable_intensive_v2,500,300,1,491,32,8,0.25,58,0.15443592887303495,0.11690492942878995,0.757752164450761,,486,15.779986147046742,1.0,0.5333333333333333,2dbbff5d426c6ad4,ok
6e6a4ac8b787,app_hashtable_intensive_v2,500,300,1,491,32,16,0.5,29,0.15443592887303495,0.11690492942878995,0.757752164450761,,486,15.779986147046742,1.0,0.5333333333333333,2dbbff5d426c6ad4,ok
6e6a4ac8b787,app_hashtable_intensive_v2,500,300,1,491,32,32,1.0,15,0.15443592887303495,0.11690492942878995,0.757752164450761,,486,15.779986147046742,1.0,0.5333333333333333,2dbbff5d426c6ad4,ok
6e6a4ac8b787,app_hashtable_intensive_v2,500,300,1,491,64,16,0.25,27,0.15443592887303495,0.11690492942878995,0.757752164450761,,486,15.779986147046742,1.0,1.0666666666666667,2dbbff5d426c6ad4,ok
6e6a4ac8b787,app_hashtable_intensive_v2,500,300,1,491,64,32,0.5,14,0.15443592887303495,0.11690492942878995,0.757752164450761,,486,15.779986147046742,1.0,1.0666666666666667,2dbbff5d426c6ad4,ok
6e6a4ac8b787,app_hashtable_intensive_v2,500,300,1,491,64,64,1.0,7,0.15443592887303495,0.11690492942878995,0.757752164450761,,486,15.779986147046742,1.0,1.0666666666666667,2dbbff5d426c6ad4,ok
709df8c2d5ec,mem_rmw_intensity_v2,500,120,1,190,8,2,0.25,92,0.217848044947574,0.05260014068670979,0.24209127481587736,,59,5.949089924313032,0.967391304347826,0.13333333333333333,1e43018f7226821e,ok
709df8c2d5ec,mem_rmw_intensity_v2,500,120,1,190,8,4,0.5,46,0.217848044947574,0.05260014068670979,0.24209127481587736,,59,5.949089924313032,0.9782608695652174,0.13333333333333333,1e43018f7226821e,ok
709df8c2d5ec,mem_rmw_intensity_v2,500,120,1,190,8,8,1.0,23,0.217848044947574,0.05260014068670979,0.24209127481587736,,59,5.949089924313032,0.9565217391304348,0.13333333333333333,1e43018f7226821e,ok
709df8c2d5ec,mem_rmw_intensity_v2,500,120,1,190,16,4,0.25,44,0.217848044947574,0.05260014068670979,0.24209127481587736,,59,5.949089924313032,1.0,0.26666666666666666,1e43018f7226821e,ok
709df8c2d5ec,mem_rmw_intensity_v2,500,120,1,190,16,8,0.5,22,0.217848044947574,0.05260014068670979,0.24209127481587736,,59,5.949089924313032,1.0,0.26666666666666666,1e43018f7226821e,ok
709df8c2d5ec,mem_rmw_intensity_v2,500,120,1,190,16,16,1.0,11,0.217848044947574,0.05260014068670979,0.24209127481587736,,59,5.949089924313032,1.0,0.26666666666666666,1e43018f7226821e,ok
709df8c2d5ec,mem_rmw_intensity_v2,500,120,1,190,32,8,0.25,20,0.217848044947574,0.05260014068670979,0.24209127481587736,,59,5.949089924313032,1.0,0.5333333333333333,1e43018f7226821e,ok
709df8c2d5ec,mem_rmw_intensity_v2,500,120,1,190,32,16,0.5,10,0.217848044947574,0.05260014068670979,0.24209127481587736,,59,5.949089924313032,1.0,0.5333333333333333,1e43018f7226821e,ok
709df8c2d5ec,mem_rmw_intensity_v2,500,120,1,190,32,32,1.0,5,0.217848044947574,0.05260014068670979,0.24209127481587736,,59,5.949089924313032,1.0,0.5333333333333333,1e43018f7226821e,ok
709df8c2d5ec,mem_rmw_intensity_v2,500,120,1,190,64,16,0.25,8,0.217848044947574,0.05260014068670979,0.24209127481587736,,59,5.949089924313032,1.0,1.0666666666666667,1e43018f7226821e,ok
709df8c2d5ec,mem_rmw_intensity_v2,500,120,1,190,64,32,0.5,4,0.217848044947574,0.05260014068670979,0.24209127481587736,,59,5.949089924313032,1.0,1.0666666666666667,1e43018f7226821e,ok
709df8c2d5ec,mem_rmw_intensity_v2,500,120,1,190,64,64,1.0,2,0.217848044947574,0.05260014068670979,0.24209127481587736,,59,5.949089924313032,1.0,1.0666666666666667,1e43018f7226821e,ok
729d223f1507,sandbox_ransom_seq,500,120,2,60,8,2,0.25,27,0.34951960245768227,0.09604450128726826,,,58,8.183011403567882,1.0,0.2,a39f496803553e45,ok
729d223f1507,sandbox_ransom_seq,500,120,2,60,8,4,0.5,14,0.34951960245768227,0.09604450128726826,,,58,8.183011403567882,1.0,0.2,a39f496803553e45,ok
729d223f1507,sandbox_ransom_seq,500,120,2,60,8,8,1.0,7,0.34951960245768227,0.09604450128726826,,,58,8.183011403567882,1.0,0.2,a39f496803553e45,ok
729d223f1507,sandbox_ransom_seq,500,120,2,60,16,4,0.25,12,0.34951960245768227,0.09604450128726826,,,58,8.183011403567882,1.0,0.4,a39f496803553e45,ok
729d223f1507,sandbox_ransom_seq,500,120,2,60,16,8,0.5,6,0.34951960245768227,0.09604450128726826,,,58,8.183011403567882,1.0,0.4,a39f496803553e45,ok
729d223f1507,sandbox_ransom_seq,500,120,2,60,16,16,1.0,3,0.34951960245768227,0.09604450128726826,,,58,8.183011403567882,1.0,0.4,a39f496803553e45,ok
729d223f1507,sandbox_ransom_seq,500,120,2,60,32,8,0.25,4,0.34951960245768227,0.09604450128726826,,,58,8.183011403567882,1.0,0.8,a39f496803553e45,ok
729d223f1507,sandbox_ransom_seq,500,120,2,60,32,16,0.5,2,0.34951960245768227,0.09604450128726826,,,58,8.183011403567882,1.0,0.8,a39f496803553e45,ok
729d223f1507,sandbox_ransom_seq,500,120,2,60,32,32,1.0,1,0.34951960245768227,0.09604450128726826,,,58,8.183011403567882,1.0,0.8,a39f496803553e45,ok
729d223f1507,sandbox_ransom_seq,500,120,2,60,64,16,0.25,0,,,,,,,,1.6,a39f496803553e45,skip:short
729d223f1507,sandbox_ransom_seq,500,120,2,60,64,32,0.5,0,,,,,,,,1.6,a39f496803553e45,skip:short
729d223f1507,sandbox_ransom_seq,500,120,2,60,64,64,1.0,0,,,,,,,,1.6,a39f496803553e45,skip:short
732d69f73616,mem_writemag_sweep_v2,500,120,1,196,8,2,0.25,95,0.25093598268469985,0.0023056798710547975,0.009211848718859997,,153,8.44149571890404,0.968421052631579,0.13333333333333333,3cda4a1a07c482c4,ok
732d69f73616,mem_writemag_sweep_v2,500,120,1,196,8,4,0.5,48,0.25093598268469985,0.0023056798710547975,0.009211848718859997,,153,8.44149571890404,0.9583333333333334,0.13333333333333333,3cda4a1a07c482c4,ok
732d69f73616,mem_writemag_sweep_v2,500,120,1,196,8,8,1.0,24,0.25093598268469985,0.0023056798710547975,0.009211848718859997,,153,8.44149571890404,0.9166666666666666,0.13333333333333333,3cda4a1a07c482c4,ok
732d69f73616,mem_writemag_sweep_v2,500,120,1,196,16,4,0.25,46,0.25093598268469985,0.0023056798710547975,0.009211848718859997,,153,8.44149571890404,1.0,0.26666666666666666,3cda4a1a07c482c4,ok
732d69f73616,mem_writemag_sweep_v2,500,120,1,196,16,8,0.5,23,0.25093598268469985,0.0023056798710547975,0.009211848718859997,,153,8.44149571890404,1.0,0.26666666666666666,3cda4a1a07c482c4,ok
732d69f73616,mem_writemag_sweep_v2,500,120,1,196,16,16,1.0,12,0.25093598268469985,0.0023056798710547975,0.009211848718859997,,153,8.44149571890404,1.0,0.26666666666666666,3cda4a1a07c482c4,ok
732d69f73616,mem_writemag_sweep_v2,500,120,1,196,32,8,0.25,21,0.25093598268469985,0.0023056798710547975,0.009211848718859997,,153,8.44149571890404,1.0,0.5333333333333333,3cda4a1a07c482c4,ok
732d69f73616,mem_writemag_sweep_v2,500,120,1,196,32,16,0.5,11,0.25093598268469985,0.0023056798710547975,0.009211848718859997,,153,8.44149571890404,1.0,0.5333333333333333,3cda4a1a07c482c4,ok
732d69f73616,mem_writemag_sweep_v2,500,120,1,196,32,32,1.0,6,0.25093598268469985,0.0023056798710547975,0.009211848718859997,,153,8.44149571890404,1.0,0.5333333333333333,3cda4a1a07c482c4,ok
732d69f73616,mem_writemag_sweep_v2,500,120,1,196,64,16,0.25,9,0.25093598268469985,0.0023056798710547975,0.009211848718859997,,153,8.44149571890404,1.0,1.0666666666666667,3cda4a1a07c482c4,ok
732d69f73616,mem_writemag_sweep_v2,500,120,1,196,64,32,0.5,5,0.25093598268469985,0.0023056798710547975,0.009211848718859997,,153,8.44149571890404,1.0,1.0666666666666667,3cda4a1a07c482c4,ok
732d69f73616,mem_writemag_sweep_v2,500,120,1,196,64,64,1.0,3,0.25093598268469985,0.0023056798710547975,0.009211848718859997,,153,8.44149571890404,1.0,1.0666666666666667,3cda4a1a07c482c4,ok
74a9731924aa,mem_pagefault_density_v2,500,600,2,979,8,2,0.25,486,0.004599788459255698,0.005255703666290956,1.1431808204730594,,964,11.25028133639364,0.9979423868312757,0.13333333333333333,c58f2a09cdd39d01,ok
74a9731924aa,mem_pagefault_density_v2,500,600,2,979,8,4,0.5,243,0.004599788459255698,0.005255703666290956,1.1431808204730594,,964,11.25028133639364,0.9958847736625515,0.13333333333333333,c58f2a09cdd39d01,ok
74a9731924aa,mem_pagefault_density_v2,500,600,2,979,8,8,1.0,122,0.004599788459255698,0.005255703666290956,1.1431808204730594,,964,11.25028133639364,0.9918032786885246,0.13333333333333333,c58f2a09cdd39d01,ok
74a9731924aa,mem_pagefault_density_v2,500,600,2,979,16,4,0.25,241,0.004599788459255698,0.005255703666290956,1.1431808204730594,,964,11.25028133639364,0.995850622406639,0.26666666666666666,c58f2a09cdd39d01,ok
74a9731924aa,mem_pagefault_density_v2,500,600,2,979,16,8,0.5,121,0.004599788459255698,0.005255703666290956,1.1431808204730594,,964,11.25028133639364,0.9917355371900827,0.26666666666666666,c58f2a09cdd39d01,ok
74a9731924aa,mem_pagefault_density_v2,500,600,2,979,16,16,1.0,61,0.004599788459255698,0.005255703666290956,1.1431808204730594,,964,11.25028133639364,0.9836065573770492,0.26666666666666666,c58f2a09cdd39d01,ok
74a9731924aa,mem_pagefault_density_v2,500,600,2,979,32,8,0.25,119,0.004599788459255698,0.005255703666290956,1.1431808204730594,,964,11.25028133639364,0.9915966386554622,0.5333333333333333,c58f2a09cdd39d01,ok
74a9731924aa,mem_pagefault_density_v2,500,600,2,979,32,16,0.5,60,0.004599788459255698,0.005255703666290956,1.1431808204730594,,964,11.25028133639364,0.9833333333333333,0.5333333333333333,c58f2a09cdd39d01,ok
74a9731924aa,mem_pagefault_density_v2,500,600,2,979,32,32,1.0,30,0.004599788459255698,0.005255703666290956,1.1431808204730594,,964,11.25028133639364,0.9666666666666667,0.5333333333333333,c58f2a09cdd39d01,ok
74a9731924aa,mem_pagefault_density_v2,500,600,2,979,64,16,0.25,58,0.004599788459255698,0.005255703666290956,1.1431808204730594,,964,11.25028133639364,1.0,1.0666666666666667,c58f2a09cdd39d01,ok
74a9731924aa,mem_pagefault_density_v2,500,600,2,979,64,32,0.5,29,0.004599788459255698,0.005255703666290956,1.1431808204730594,,964,11.25028133639364,1.0,1.0666666666666667,c58f2a09cdd39d01,ok
74a9731924aa,mem_pagefault_density_v2,500,600,2,979,64,64,1.0,15,0.004599788459255698,0.005255703666290956,1.1431808204730594,,964,11.25028133639364,1.0,1.0666666666666667,c58f2a09cdd39d01,ok
76369559b38d,sandbox_ransom_selective,500,600,2,88,8,2,0.25,41,0.3411736488342285,0.14514597658334516,,,87,5.949648360231717,0.926829268292683,0.2,a6d88c964347a39c,ok
76369559b38d,sandbox_ransom_selective,500,600,2,88,8,4,0.5,21,0.3411736488342285,0.14514597658334516,,,87,5.949648360231717,0.9047619047619048,0.2,a6d88c964347a39c,ok
76369559b38d,sandbox_ransom_selective,500,600,2,88,8,8,1.0,11,0.3411736488342285,0.14514597658334516,,,87,5.949648360231717,0.9090909090909091,0.2,a6d88c964347a39c,ok
76369559b38d,sandbox_ransom_selective,500,600,2,88,16,4,0.25,19,0.3411736488342285,0.14514597658334516,,,87,5.949648360231717,1.0,0.4,a6d88c964347a39c,ok
76369559b38d,sandbox_ransom_selective,500,600,2,88,16,8,0.5,10,0.3411736488342285,0.14514597658334516,,,87,5.949648360231717,1.0,0.4,a6d88c964347a39c,ok
76369559b38d,sandbox_ransom_selective,500,600,2,88,16,16,1.0,5,0.3411736488342285,0.14514597658334516,,,87,5.949648360231717,1.0,0.4,a6d88c964347a39c,ok
76369559b38d,sandbox_ransom_selective,500,600,2,88,32,8,0.25,8,0.3411736488342285,0.14514597658334516,,,87,5.949648360231717,1.0,0.8,a6d88c964347a39c,ok
76369559b38d,sandbox_ransom_selective,500,600,2,88,32,16,0.5,4,0.3411736488342285,0.14514597658334516,,,87,5.949648360231717,1.0,0.8,a6d88c964347a39c,ok
76369559b38d,sandbox_ransom_selective,500,600,2,88,32,32,1.0,2,0.3411736488342285,0.14514597658334516,,,87,5.949648360231717,1.0,0.8,a6d88c964347a39c,ok
76369559b38d,sandbox_ransom_selective,500,600,2,88,64,16,0.25,2,0.3411736488342285,0.14514597658334516,,,87,5.949648360231717,1.0,1.6,a6d88c964347a39c,ok
76369559b38d,sandbox_ransom_selective,500,600,2,88,64,32,0.5,1,0.3411736488342285,0.14514597658334516,,,87,5.949648360231717,1.0,1.6,a6d88c964347a39c,ok
76369559b38d,sandbox_ransom_selective,500,600,2,88,64,64,1.0,1,0.3411736488342285,0.14514597658334516,,,87,5.949648360231717,1.0,1.6,a6d88c964347a39c,ok
7be0b19b1574,sandbox_ransom_slowburn,500,600,1,690,8,2,0.25,342,0.0025566322216089223,0.006988209026222522,,,689,16.042006091011984,0.9649122807017544,0.2,2b46a3bb48e6fb7e,ok
7be0b19b1574,sandbox_ransom_slowburn,500,600,1,690,8,4,0.5,171,0.0025566322216089223,0.006988209026222522,,,689,16.042006091011984,0.9590643274853801,0.2,2b46a3bb48e6fb7e,ok
7be0b19b1574,sandbox_ransom_slowburn,500,600,1,690,8,8,1.0,86,0.0025566322216089223,0.006988209026222522,,,689,16.042006091011984,0.9534883720930233,0.2,2b46a3bb48e6fb7e,ok
7be0b19b1574,sandbox_ransom_slowburn,500,600,1,690,16,4,0.25,169,0.0025566322216089223,0.006988209026222522,,,689,16.042006091011984,0.9881656804733728,0.4,2b46a3bb48e6fb7e,ok
7be0b19b1574,sandbox_ransom_slowburn,500,600,1,690,16,8,0.5,85,0.0025566322216089223,0.006988209026222522,,,689,16.042006091011984,0.9882352941176471,0.4,2b46a3bb48e6fb7e,ok
7be0b19b1574,sandbox_ransom_slowburn,500,600,1,690,16,16,1.0,43,0.0025566322216089223,0.006988209026222522,,,689,16.042006091011984,0.9767441860465116,0.4,2b46a3bb48e6fb7e,ok
7be0b19b1574,sandbox_ransom_slowburn,500,600,1,690,32,8,0.25,83,0.0025566322216089223,0.006988209026222522,,,689,16.042006091011984,0.9879518072289156,0.8,2b46a3bb48e6fb7e,ok
7be0b19b1574,sandbox_ransom_slowburn,500,600,1,690,32,16,0.5,42,0.0025566322216089223,0.006988209026222522,,,689,16.042006091011984,0.9761904761904762,0.8,2b46a3bb48e6fb7e,ok
7be0b19b1574,sandbox_ransom_slowburn,500,600,1,690,32,32,1.0,21,0.0025566322216089223,0.006988209026222522,,,689,16.042006091011984,0.9523809523809523,0.8,2b46a3bb48e6fb7e,ok
7be0b19b1574,sandbox_ransom_slowburn,500,600,1,690,64,16,0.25,40,0.0025566322216089223,0.006988209026222522,,,689,16.042006091011984,0.975,1.6,2b46a3bb48e6fb7e,ok
7be0b19b1574,sandbox_ransom_slowburn,500,600,1,690,64,32,0.5,20,0.0025566322216089223,0.006988209026222522,,,689,16.042006091011984,0.95,1.6,2b46a3bb48e6fb7e,ok
7be0b19b1574,sandbox_ransom_slowburn,500,600,1,690,64,64,1.0,10,0.0025566322216089223,0.006988209026222522,,,689,16.042006091011984,0.9,1.6,2b46a3bb48e6fb7e,ok
86356b8ef5c7,sandbox_ransom_selective,500,120,2,23,8,2,0.25,8,0.41493888523267664,0.09164959777926478,,,21,6.443291336179037,1.0,0.2,68d4533aefcc7643,ok
86356b8ef5c7,sandbox_ransom_selective,500,120,2,23,8,4,0.5,4,0.41493888523267664,0.09164959777926478,,,21,6.443291336179037,1.0,0.2,68d4533aefcc7643,ok
86356b8ef5c7,sandbox_ransom_selective,500,120,2,23,8,8,1.0,2,0.41493888523267664,0.09164959777926478,,,21,6.443291336179037,1.0,0.2,68d4533aefcc7643,ok
86356b8ef5c7,sandbox_ransom_selective,500,120,2,23,16,4,0.25,2,0.41493888523267664,0.09164959777926478,,,21,6.443291336179037,1.0,0.4,68d4533aefcc7643,ok
86356b8ef5c7,sandbox_ransom_selective,500,120,2,23,16,8,0.5,1,0.41493888523267664,0.09164959777926478,,,21,6.443291336179037,1.0,0.4,68d4533aefcc7643,ok
86356b8ef5c7,sandbox_ransom_selective,500,120,2,23,16,16,1.0,1,0.41493888523267664,0.09164959777926478,,,21,6.443291336179037,1.0,0.4,68d4533aefcc7643,ok
86356b8ef5c7,sandbox_ransom_selective,500,120,2,23,32,8,0.25,0,,,,,,,,0.8,68d4533aefcc7643,skip:short
86356b8ef5c7,sandbox_ransom_selective,500,120,2,23,32,16,0.5,0,,,,,,,,0.8,68d4533aefcc7643,skip:short
86356b8ef5c7,sandbox_ransom_selective,500,120,2,23,32,32,1.0,0,,,,,,,,0.8,68d4533aefcc7643,skip:short
86356b8ef5c7,sandbox_ransom_selective,500,120,2,23,64,16,0.25,0,,,,,,,,1.6,68d4533aefcc7643,skip:short
86356b8ef5c7,sandbox_ransom_selective,500,120,2,23,64,32,0.5,0,,,,,,,,1.6,68d4533aefcc7643,skip:short
86356b8ef5c7,sandbox_ransom_selective,500,120,2,23,64,64,1.0,0,,,,,,,,1.6,68d4533aefcc7643,skip:short
87c4d776940d,mem_mmap_traversal_v2,500,600,2,753,8,2,0.25,373,0.1809933625686058,0.06964794712583716,0.38506517160276965,,751,11.32638693468195,0.9624664879356568,0.13333333333333333,000d9fa7527ce79e,ok
87c4d776940d,mem_mmap_traversal_v2,500,600,2,753,8,4,0.5,187,0.1809933625686058,0.06964794712583716,0.38506517160276965,,751,11.32638693468195,0.9572192513368984,0.13333333333333333,000d9fa7527ce79e,ok
87c4d776940d,mem_mmap_traversal_v2,500,600,2,753,8,8,1.0,94,0.1809933625686058,0.06964794712583716,0.38506517160276965,,751,11.32638693468195,0.9574468085106383,0.13333333333333333,000d9fa7527ce79e,ok
87c4d776940d,mem_mmap_traversal_v2,500,600,2,753,16,4,0.25,185,0.1809933625686058,0.06964794712583716,0.38506517160276965,,751,11.32638693468195,0.9891891891891892,0.26666666666666666,000d9fa7527ce79e,ok
87c4d776940d,mem_mmap_traversal_v2,500,600,2,753,16,8,0.5,93,0.1809933625686058,0.06964794712583716,0.38506517160276965,,751,11.32638693468195,0.989247311827957,0.26666666666666666,000d9fa7527ce79e,ok
87c4d776940d,mem_mmap_traversal_v2,500,600,2,753,16,16,1.0,47,0.1809933625686058,0.06964794712583716,0.38506517160276965,,751,11.32638693468195,1.0,0.26666666666666666,000d9fa7527ce79e,ok
87c4d776940d,mem_mmap_traversal_v2,500,600,2,753,32,8,0.25,91,0.1809933625686058,0.06964794712583716,0.38506517160276965,,751,11.32638693468195,1.0,0.5333333333333333,000d9fa7527ce79e,ok
87c4d776940d,mem_mmap_traversal_v2,500,600,2,753,32,16,0.5,46,0.1809933625686058,0.06964794712583716,0.38506517160276965,,751,11.32638693468195,1.0,0.5333333333333333,000d9fa7527ce79e,ok
87c4d776940d,mem_mmap_traversal_v2,500,600,2,753,32,32,1.0,23,0.1809933625686058,0.06964794712583716,0.38506517160276965,,751,11.32638693468195,1.0,0.5333333333333333,000d9fa7527ce79e,ok
87c4d776940d,mem_mmap_traversal_v2,500,600,2,753,64,16,0.25,44,0.1809933625686058,0.06964794712583716,0.38506517160276965,,751,11.32638693468195,1.0,1.0666666666666667,000d9fa7527ce79e,ok
87c4d776940d,mem_mmap_traversal_v2,500,600,2,753,64,32,0.5,22,0.1809933625686058,0.06964794712583716,0.38506517160276965,,751,11.32638693468195,1.0,1.0666666666666667,000d9fa7527ce79e,ok
87c4d776940d,mem_mmap_traversal_v2,500,600,2,753,64,64,1.0,11,0.1809933625686058,0.06964794712583716,0.38506517160276965,,751,11.32638693468195,1.0,1.0666666666666667,000d9fa7527ce79e,ok
8fcdc1818c91,sandbox_ransom_batched,500,300,2,485,8,2,0.25,239,0.007481329219857442,0.0011857305013597622,,,473,9.760179887007217,0.9665271966527197,0.2,d0d50083b73e2e68,ok
8fcdc1818c91,sandbox_ransom_batched,500,300,2,485,8,4,0.5,120,0.007481329219857442,0.0011857305013597622,,,473,9.760179887007217,0.9583333333333334,0.2,d0d50083b73e2e68,ok
8fcdc1818c91,sandbox_ransom_batched,500,300,2,485,8,8,1.0,60,0.007481329219857442,0.0011857305013597622,,,473,9.760179887007217,0.95,0.2,d0d50083b73e2e68,ok
8fcdc1818c91,sandbox_ransom_batched,500,300,2,485,16,4,0.25,118,0.007481329219857442,0.0011857305013597622,,,473,9.760179887007217,0.9915254237288136,0.4,d0d50083b73e2e68,ok
8fcdc1818c91,sandbox_ransom_batched,500,300,2,485,16,8,0.5,59,0.007481329219857442,0.0011857305013597622,,,473,9.760179887007217,0.9830508474576272,0.4,d0d50083b73e2e68,ok
8fcdc1818c91,sandbox_ransom_batched,500,300,2,485,16,16,1.0,30,0.007481329219857442,0.0011857305013597622,,,473,9.760179887007217,0.9666666666666667,0.4,d0d50083b73e2e68,ok
8fcdc1818c91,sandbox_ransom_batched,500,300,2,485,32,8,0.25,57,0.007481329219857442,0.0011857305013597622,,,473,9.760179887007217,0.9824561403508771,0.8,d0d50083b73e2e68,ok
8fcdc1818c91,sandbox_ransom_batched,500,300,2,485,32,16,0.5,29,0.007481329219857442,0.0011857305013597622,,,473,9.760179887007217,0.9655172413793104,0.8,d0d50083b73e2e68,ok
8fcdc1818c91,sandbox_ransom_batched,500,300,2,485,32,32,1.0,15,0.007481329219857442,0.0011857305013597622,,,473,9.760179887007217,0.9333333333333333,0.8,d0d50083b73e2e68,ok
8fcdc1818c91,sandbox_ransom_batched,500,300,2,485,64,16,0.25,27,0.007481329219857442,0.0011857305013597622,,,473,9.760179887007217,1.0,1.6,d0d50083b73e2e68,ok
8fcdc1818c91,sandbox_ransom_batched,500,300,2,485,64,32,0.5,14,0.007481329219857442,0.0011857305013597622,,,473,9.760179887007217,1.0,1.6,d0d50083b73e2e68,ok
8fcdc1818c91,sandbox_ransom_batched,500,300,2,485,64,64,1.0,7,0.007481329219857442,0.0011857305013597622,,,473,9.760179887007217,1.0,1.6,d0d50083b73e2e68,ok
95be1d61731a,mem_workingset_sweep_v2,500,300,2,490,8,2,0.25,242,0.2506572100580955,0.0012412082134112773,0.004956875942245894,,459,10.122883958228613,0.9586776859504132,0.13333333333333333,5f7a269e4ae33fa1,ok
95be1d61731a,mem_workingset_sweep_v2,500,300,2,490,8,4,0.5,121,0.2506572100580955,0.0012412082134112773,0.004956875942245894,,459,10.122883958228613,0.9586776859504132,0.13333333333333333,5f7a269e4ae33fa1,ok
95be1d61731a,mem_workingset_sweep_v2,500,300,2,490,8,8,1.0,61,0.2506572100580955,0.0012412082134112773,0.004956875942245894,,459,10.122883958228613,0.9508196721311475,0.13333333333333333,5f7a269e4ae33fa1,ok
95be1d61731a,mem_workingset_sweep_v2,500,300,2,490,16,4,0.25,119,0.2506572100580955,0.0012412082134112773,0.004956875942245894,,459,10.122883958228613,0.9915966386554622,0.26666666666666666,5f7a269e4ae33fa1,ok
95be1d61731a,mem_workingset_sweep_v2,500,300,2,490,16,8,0.5,60,0.2506572100580955,0.0012412082134112773,0.004956875942245894,,459,10.122883958228613,0.9833333333333333,0.26666666666666666,5f7a269e4ae33fa1,ok
95be1d61731a,mem_workingset_sweep_v2,500,300,2,490,16,16,1.0,30,0.2506572100580955,0.0012412082134112773,0.004956875942245894,,459,10.122883958228613,0.9666666666666667,0.26666666666666666,5f7a269e4ae33fa1,ok
95be1d61731a,mem_workingset_sweep_v2,500,300,2,490,32,8,0.25,58,0.2506572100580955,0.0012412082134112773,0.004956875942245894,,459,10.122883958228613,0.9827586206896551,0.5333333333333333,5f7a269e4ae33fa1,ok
95be1d61731a,mem_workingset_sweep_v2,500,300,2,490,32,16,0.5,29,0.2506572100580955,0.0012412082134112773,0.004956875942245894,,459,10.122883958228613,0.9655172413793104,0.5333333333333333,5f7a269e4ae33fa1,ok
95be1d61731a,mem_workingset_sweep_v2,500,300,2,490,32,32,1.0,15,0.2506572100580955,0.0012412082134112773,0.004956875942245894,,459,10.122883958228613,0.9333333333333333,0.5333333333333333,5f7a269e4ae33fa1,ok
95be1d61731a,mem_workingset_sweep_v2,500,300,2,490,64,16,0.25,27,0.2506572100580955,0.0012412082134112773,0.004956875942245894,,459,10.122883958228613,1.0,1.0666666666666667,5f7a269e4ae33fa1,ok
95be1d61731a,mem_workingset_sweep_v2,500,300,2,490,64,32,0.5,14,0.2506572100580955,0.0012412082134112773,0.004956875942245894,,459,10.122883958228613,1.0,1.0666666666666667,5f7a269e4ae33fa1,ok
95be1d61731a,mem_workingset_sweep_v2,500,300,2,490,64,64,1.0,7,0.2506572100580955,0.0012412082134112773,0.004956875942245894,,459,10.122883958228613,1.0,1.0666666666666667,5f7a269e4ae33fa1,ok
9983db77e02d,mem_rmw_intensity_v2,500,300,1,488,8,2,0.25,241,0.2167308056940798,0.055692824379545945,0.25723142757363243,,407,7.422387870488832,0.9875518672199171,0.13333333333333333,cc796250b5f39c23,ok
9983db77e02d,mem_rmw_intensity_v2,500,300,1,488,8,4,0.5,121,0.2167308056940798,0.055692824379545945,0.25723142757363243,,407,7.422387870488832,0.9752066115702479,0.13333333333333333,cc796250b5f39c23,ok
9983db77e02d,mem_rmw_intensity_v2,500,300,1,488,8,8,1.0,61,0.2167308056940798,0.055692824379545945,0.25723142757363243,,407,7.422387870488832,0.9672131147540983,0.13333333333333333,cc796250b5f39c23,ok
9983db77e02d,mem_rmw_intensity_v2,500,300,1,488,16,4,0.25,119,0.2167308056940798,0.055692824379545945,0.25723142757363243,,407,7.422387870488832,0.9915966386554622,0.26666666666666666,cc796250b5f39c23,ok
9983db77e02d,mem_rmw_intensity_v2,500,300,1,488,16,8,0.5,60,0.2167308056940798,0.055692824379545945,0.25723142757363243,,407,7.422387870488832,1.0,0.26666666666666666,cc796250b5f39c23,ok
9983db77e02d,mem_rmw_intensity_v2,500,300,1,488,16,16,1.0,30,0.2167308056940798,0.055692824379545945,0.25723142757363243,,407,7.422387870488832,1.0,0.26666666666666666,cc796250b5f39c23,ok
9983db77e02d,mem_rmw_intensity_v2,500,300,1,488,32,8,0.25,58,0.2167308056940798,0.055692824379545945,0.25723142757363243,,407,7.422387870488832,1.0,0.5333333333333333,cc796250b5f39c23,ok
9983db77e02d,mem_rmw_intensity_v2,500,300,1,488,32,16,0.5,29,0.2167308056940798,0.055692824379545945,0.25723142757363243,,407,7.422387870488832,1.0,0.5333333333333333,cc796250b5f39c23,ok
9983db77e02d,mem_rmw_intensity_v2,500,300,1,488,32,32,1.0,15,0.2167308056940798,0.055692824379545945,0.25723142757363243,,407,7.422387870488832,1.0,0.5333333333333333,cc796250b5f39c23,ok
9983db77e02d,mem_rmw_intensity_v2,500,300,1,488,64,16,0.25,27,0.2167308056940798,0.055692824379545945,0.25723142757363243,,407,7.422387870488832,1.0,1.0666666666666667,cc796250b5f39c23,ok
9983db77e02d,mem_rmw_intensity_v2,500,300,1,488,64,32,0.5,14,0.2167308056940798,0.055692824379545945,0.25723142757363243,,407,7.422387870488832,1.0,1.0666666666666667,cc796250b5f39c23,ok
9983db77e02d,mem_rmw_intensity_v2,500,300,1,488,64,64,1.0,7,0.2167308056940798,0.055692824379545945,0.25723142757363243,,407,7.422387870488832,1.0,1.0666666666666667,cc796250b5f39c23,ok
9ea427d73fbe,mem_writemag_sweep_v2,500,300,2,491,8,2,0.25,242,0.2506579770090138,0.0013133210849603809,0.005244838170179122,,487,10.461529886006446,0.9669421487603306,0.13333333333333333,ba5d01a365b7eeb0,ok
9ea427d73fbe,mem_writemag_sweep_v2,500,300,2,491,8,4,0.5,121,0.2506579770090138,0.0013133210849603809,0.005244838170179122,,487,10.461529886006446,0.9586776859504132,0.13333333333333333,ba5d01a365b7eeb0,ok
9ea427d73fbe,mem_writemag_sweep_v2,500,300,2,491,8,8,1.0,61,0.2506579770090138,0.0013133210849603809,0.005244838170179122,,487,10.461529886006446,0.9508196721311475,0.13333333333333333,ba5d01a365b7eeb0,ok
9ea427d73fbe,mem_writemag_sweep_v2,500,300,2,491,16,4,0.25,119,0.2506579770090138,0.0013133210849603809,0.005244838170179122,,487,10.461529886006446,0.9831932773109243,0.26666666666666666,ba5d01a365b7eeb0,ok
9ea427d73fbe,mem_writemag_sweep_v2,500,300,2,491,16,8,0.5,60,0.2506579770090138,0.0013133210849603809,0.005244838170179122,,487,10.461529886006446,0.9833333333333333,0.26666666666666666,ba5d01a365b7eeb0,ok
9ea427d73fbe,mem_writemag_sweep_v2,500,300,2,491,16,16,1.0,30,0.2506579770090138,0.0013133210849603809,0.005244838170179122,,487,10.461529886006446,0.9666666666666667,0.26666666666666666,ba5d01a365b7eeb0,ok
9ea427d73fbe,mem_writemag_sweep_v2,500,300,2,491,32,8,0.25,58,0.2506579770090138,0.0013133210849603809,0.005244838170179122,,487,10.461529886006446,0.9827586206896551,0.5333333333333333,ba5d01a365b7eeb0,ok
9ea427d73fbe,mem_writemag_sweep_v2,500,300,2,491,32,16,0.5,29,0.2506579770090138,0.0013133210849603809,0.005244838170179122,,487,10.461529886006446,0.9655172413793104,0.5333333333333333,ba5d01a365b7eeb0,ok
9ea427d73fbe,mem_writemag_sweep_v2,500,300,2,491,32,32,1.0,15,0.2506579770090138,0.0013133210849603809,0.005244838170179122,,487,10.461529886006446,0.9333333333333333,0.5333333333333333,ba5d01a365b7eeb0,ok
9ea427d73fbe,mem_writemag_sweep_v2,500,300,2,491,64,16,0.25,27,0.2506579770090138,0.0013133210849603809,0.005244838170179122,,487,10.461529886006446,1.0,1.0666666666666667,ba5d01a365b7eeb0,ok
9ea427d73fbe,mem_writemag_sweep_v2,500,300,2,491,64,32,0.5,14,0.2506579770090138,0.0013133210849603809,0.005244838170179122,,487,10.461529886006446,1.0,1.0666666666666667,ba5d01a365b7eeb0,ok
9ea427d73fbe,mem_writemag_sweep_v2,500,300,2,491,64,64,1.0,7,0.2506579770090138,0.0013133210849603809,0.005244838170179122,,487,10.461529886006446,1.0,1.0666666666666667,ba5d01a365b7eeb0,ok
a1ea1335c44c,sandbox_ransom_selective,500,600,1,39,8,2,0.25,16,0.15198653783553687,0.1413397135656716,,,35,7.41549985240228,0.875,0.2,6dddeae6f5c73c89,ok
a1ea1335c44c,sandbox_ransom_selective,500,600,1,39,8,4,0.5,8,0.15198653783553687,0.1413397135656716,,,35,7.41549985240228,0.875,0.2,6dddeae6f5c73c89,ok
a1ea1335c44c,sandbox_ransom_selective,500,600,1,39,8,8,1.0,4,0.15198653783553687,0.1413397135656716,,,35,7.41549985240228,1.0,0.2,6dddeae6f5c73c89,ok
a1ea1335c44c,sandbox_ransom_selective,500,600,1,39,16,4,0.25,6,0.15198653783553687,0.1413397135656716,,,35,7.41549985240228,1.0,0.4,6dddeae6f5c73c89,ok
a1ea1335c44c,sandbox_ransom_selective,500,600,1,39,16,8,0.5,3,0.15198653783553687,0.1413397135656716,,,35,7.41549985240228,1.0,0.4,6dddeae6f5c73c89,ok
a1ea1335c44c,sandbox_ransom_selective,500,600,1,39,16,16,1.0,2,0.15198653783553687,0.1413397135656716,,,35,7.41549985240228,1.0,0.4,6dddeae6f5c73c89,ok
a1ea1335c44c,sandbox_ransom_selective,500,600,1,39,32,8,0.25,1,0.15198653783553687,0.1413397135656716,,,35,7.41549985240228,1.0,0.8,6dddeae6f5c73c89,ok
a1ea1335c44c,sandbox_ransom_selective,500,600,1,39,32,16,0.5,1,0.15198653783553687,0.1413397135656716,,,35,7.41549985240228,1.0,0.8,6dddeae6f5c73c89,ok
a1ea1335c44c,sandbox_ransom_selective,500,600,1,39,32,32,1.0,1,0.15198653783553687,0.1413397135656716,,,35,7.41549985240228,1.0,0.8,6dddeae6f5c73c89,ok
a1ea1335c44c,sandbox_ransom_selective,500,600,1,39,64,16,0.25,0,,,,,,,,1.6,6dddeae6f5c73c89,skip:short
a1ea1335c44c,sandbox_ransom_selective,500,600,1,39,64,32,0.5,0,,,,,,,,1.6,6dddeae6f5c73c89,skip:short
a1ea1335c44c,sandbox_ransom_selective,500,600,1,39,64,64,1.0,0,,,,,,,,1.6,6dddeae6f5c73c89,skip:short
a4e9989ca6b0,app_hashtable_intensive_v2,500,120,2,197,8,2,0.25,95,0.15563451699193964,0.11703800124924019,0.7539213664860626,,192,13.427482651574804,1.0,0.13333333333333333,e22143b8e7eabbc7,ok
a4e9989ca6b0,app_hashtable_intensive_v2,500,120,2,197,8,4,0.5,48,0.15563451699193964,0.11703800124924019,0.7539213664860626,,192,13.427482651574804,1.0,0.13333333333333333,e22143b8e7eabbc7,ok
a4e9989ca6b0,app_hashtable_intensive_v2,500,120,2,197,8,8,1.0,24,0.15563451699193964,0.11703800124924019,0.7539213664860626,,192,13.427482651574804,1.0,0.13333333333333333,e22143b8e7eabbc7,ok
a4e9989ca6b0,app_hashtable_intensive_v2,500,120,2,197,16,4,0.25,46,0.15563451699193964,0.11703800124924019,0.7539213664860626,,192,13.427482651574804,1.0,0.26666666666666666,e22143b8e7eabbc7,ok
a4e9989ca6b0,app_hashtable_intensive_v2,500,120,2,197,16,8,0.5,23,0.15563451699193964,0.11703800124924019,0.7539213664860626,,192,13.427482651574804,1.0,0.26666666666666666,e22143b8e7eabbc7,ok
a4e9989ca6b0,app_hashtable_intensive_v2,500,120,2,197,16,16,1.0,12,0.15563451699193964,0.11703800124924019,0.7539213664860626,,192,13.427482651574804,1.0,0.26666666666666666,e22143b8e7eabbc7,ok
a4e9989ca6b0,app_hashtable_intensive_v2,500,120,2,197,32,8,0.25,21,0.15563451699193964,0.11703800124924019,0.7539213664860626,,192,13.427482651574804,1.0,0.5333333333333333,e22143b8e7eabbc7,ok
a4e9989ca6b0,app_hashtable_intensive_v2,500,120,2,197,32,16,0.5,11,0.15563451699193964,0.11703800124924019,0.7539213664860626,,192,13.427482651574804,1.0,0.5333333333333333,e22143b8e7eabbc7,ok
a4e9989ca6b0,app_hashtable_intensive_v2,500,120,2,197,32,32,1.0,6,0.15563451699193964,0.11703800124924019,0.7539213664860626,,192,13.427482651574804,1.0,0.5333333333333333,e22143b8e7eabbc7,ok
a4e9989ca6b0,app_hashtable_intensive_v2,500,120,2,197,64,16,0.25,9,0.15563451699193964,0.11703800124924019,0.7539213664860626,,192,13.427482651574804,1.0,1.0666666666666667,e22143b8e7eabbc7,ok
a4e9989ca6b0,app_hashtable_intensive_v2,500,120,2,197,64,32,0.5,5,0.15563451699193964,0.11703800124924019,0.7539213664860626,,192,13.427482651574804,1.0,1.0666666666666667,e22143b8e7eabbc7,ok
a4e9989ca6b0,app_hashtable_intensive_v2,500,120,2,197,64,64,1.0,3,0.15563451699193964,0.11703800124924019,0.7539213664860626,,192,13.427482651574804,1.0,1.0666666666666667,e22143b8e7eabbc7,ok
a6089649c5f5,mem_mmap_traversal_v2,500,300,1,395,8,2,0.25,194,0.17841695471654964,0.06846326515389946,0.38421288223681294,,393,10.950374069446124,0.9484536082474226,0.13333333333333333,268472db786bcf2c,ok
a6089649c5f5,mem_mmap_traversal_v2,500,300,1,395,8,4,0.5,97,0.17841695471654964,0.06846326515389946,0.38421288223681294,,393,10.950374069446124,0.9381443298969072,0.13333333333333333,268472db786bcf2c,ok
a6089649c5f5,mem_mmap_traversal_v2,500,300,1,395,8,8,1.0,49,0.17841695471654964,0.06846326515389946,0.38421288223681294,,393,10.950374069446124,0.9387755102040817,0.13333333333333333,268472db786bcf2c,ok
a6089649c5f5,mem_mmap_traversal_v2,500,300,1,395,16,4,0.25,95,0.17841695471654964,0.06846326515389946,0.38421288223681294,,393,10.950374069446124,1.0,0.26666666666666666,268472db786bcf2c,ok
a6089649c5f5,mem_mmap_traversal_v2,500,300,1,395,16,8,0.5,48,0.17841695471654964,0.06846326515389946,0.38421288223681294,,393,10.950374069446124,1.0,0.26666666666666666,268472db786bcf2c,ok
a6089649c5f5,mem_mmap_traversal_v2,500,300,1,395,16,16,1.0,24,0.17841695471654964,0.06846326515389946,0.38421288223681294,,393,10.950374069446124,1.0,0.26666666666666666,268472db786bcf2c,ok
a6089649c5f5,mem_mmap_traversal_v2,500,300,1,395,32,8,0.25,46,0.17841695471654964,0.06846326515389946,0.38421288223681294,,393,10.950374069446124,1.0,0.5333333333333333,268472db786bcf2c,ok
a6089649c5f5,mem_mmap_traversal_v2,500,300,1,395,32,16,0.5,23,0.17841695471654964,0.06846326515389946,0.38421288223681294,,393,10.950374069446124,1.0,0.5333333333333333,268472db786bcf2c,ok
a6089649c5f5,mem_mmap_traversal_v2,500,300,1,395,32,32,1.0,12,0.17841695471654964,0.06846326515389946,0.38421288223681294,,393,10.950374069446124,1.0,0.5333333333333333,268472db786bcf2c,ok
a6089649c5f5,mem_mmap_traversal_v2,500,300,1,395,64,16,0.25,21,0.17841695471654964,0.06846326515389946,0.38421288223681294,,393,10.950374069446124,1.0,1.0666666666666667,268472db786bcf2c,ok
a6089649c5f5,mem_mmap_traversal_v2,500,300,1,395,64,32,0.5,11,0.17841695471654964,0.06846326515389946,0.38421288223681294,,393,10.950374069446124,1.0,1.0666666666666667,268472db786bcf2c,ok
a6089649c5f5,mem_mmap_traversal_v2,500,300,1,395,64,64,1.0,6,0.17841695471654964,0.06846326515389946,0.38421288223681294,,393,10.950374069446124,1.0,1.0666666666666667,268472db786bcf2c,ok
abb631ad584f,mem_mmap_traversal_v2,500,600,1,758,8,2,0.25,376,0.1761281408546468,0.06660084858775332,0.37838827877632886,,757,12.19941330112497,0.9228723404255319,0.13333333333333333,cfb51e7a69cdafe8,ok
abb631ad584f,mem_mmap_traversal_v2,500,600,1,758,8,4,0.5,188,0.1761281408546468,0.06660084858775332,0.37838827877632886,,757,12.19941330112497,0.925531914893617,0.13333333333333333,cfb51e7a69cdafe8,ok
abb631ad584f,mem_mmap_traversal_v2,500,600,1,758,8,8,1.0,94,0.1761281408546468,0.06660084858775332,0.37838827877632886,,757,12.19941330112497,0.9042553191489362,0.13333333333333333,cfb51e7a69cdafe8,ok
abb631ad584f,mem_mmap_traversal_v2,500,600,1,758,16,4,0.25,186,0.1761281408546468,0.06660084858775332,0.37838827877632886,,757,12.19941330112497,0.9838709677419355,0.26666666666666666,cfb51e7a69cdafe8,ok
abb631ad584f,mem_mmap_traversal_v2,500,600,1,758,16,8,0.5,93,0.1761281408546468,0.06660084858775332,0.37838827877632886,,757,12.19941330112497,0.978494623655914,0.26666666666666666,cfb51e7a69cdafe8,ok
abb631ad584f,mem_mmap_traversal_v2,500,600,1,758,16,16,1.0,47,0.1761281408546468,0.06660084858775332,0.37838827877632886,,757,12.19941330112497,1.0,0.26666666666666666,cfb51e7a69cdafe8,ok
abb631ad584f,mem_mmap_traversal_v2,500,600,1,758,32,8,0.25,91,0.1761281408546468,0.06660084858775332,0.37838827877632886,,757,12.19941330112497,1.0,0.5333333333333333,cfb51e7a69cdafe8,ok
abb631ad584f,mem_mmap_traversal_v2,500,600,1,758,32,16,0.5,46,0.1761281408546468,0.06660084858775332,0.37838827877632886,,757,12.19941330112497,1.0,0.5333333333333333,cfb51e7a69cdafe8,ok
abb631ad584f,mem_mmap_traversal_v2,500,600,1,758,32,32,1.0,23,0.1761281408546468,0.06660084858775332,0.37838827877632886,,757,12.19941330112497,1.0,0.5333333333333333,cfb51e7a69cdafe8,ok
abb631ad584f,mem_mmap_traversal_v2,500,600,1,758,64,16,0.25,44,0.1761281408546468,0.06660084858775332,0.37838827877632886,,757,12.19941330112497,1.0,1.0666666666666667,cfb51e7a69cdafe8,ok
abb631ad584f,mem_mmap_traversal_v2,500,600,1,758,64,32,0.5,22,0.1761281408546468,0.06660084858775332,0.37838827877632886,,757,12.19941330112497,1.0,1.0666666666666667,cfb51e7a69cdafe8,ok
abb631ad584f,mem_mmap_traversal_v2,500,600,1,758,64,64,1.0,11,0.1761281408546468,0.06660084858775332,0.37838827877632886,,757,12.19941330112497,1.0,1.0666666666666667,cfb51e7a69cdafe8,ok
bc89296b6858,mem_workingset_sweep_v2,500,120,2,195,8,2,0.25,94,0.25092794956305087,0.0021355446420143055,0.008532495292936678,,179,8.241679604960904,0.9893617021276596,0.13333333333333333,ccf37b4f04cd9283,ok
bc89296b6858,mem_workingset_sweep_v2,500,120,2,195,8,4,0.5,47,0.25092794956305087,0.0021355446420143055,0.008532495292936678,,179,8.241679604960904,0.9787234042553191,0.13333333333333333,ccf37b4f04cd9283,ok
bc89296b6858,mem_workingset_sweep_v2,500,120,2,195,8,8,1.0,24,0.25092794956305087,0.0021355446420143055,0.008532495292936678,,179,8.241679604960904,0.9583333333333334,0.13333333333333333,ccf37b4f04cd9283,ok
bc89296b6858,mem_workingset_sweep_v2,500,120,2,195,16,4,0.25,45,0.25092794956305087,0.0021355446420143055,0.008532495292936678,,179,8.241679604960904,0.9777777777777777,0.26666666666666666,ccf37b4f04cd9283,ok
bc89296b6858,mem_workingset_sweep_v2,500,120,2,195,16,8,0.5,23,0.25092794956305087,0.0021355446420143055,0.008532495292936678,,179,8.241679604960904,0.9565217391304348,0.26666666666666666,ccf37b4f04cd9283,ok
bc89296b6858,mem_workingset_sweep_v2,500,120,2,195,16,16,1.0,12,0.25092794956305087,0.0021355446420143055,0.008532495292936678,,179,8.241679604960904,0.9166666666666666,0.26666666666666666,ccf37b4f04cd9283,ok
bc89296b6858,mem_workingset_sweep_v2,500,120,2,195,32,8,0.25,21,0.25092794956305087,0.0021355446420143055,0.008532495292936678,,179,8.241679604960904,1.0,0.5333333333333333,ccf37b4f04cd9283,ok
bc89296b6858,mem_workingset_sweep_v2,500,120,2,195,32,16,0.5,11,0.25092794956305087,0.0021355446420143055,0.008532495292936678,,179,8.241679604960904,1.0,0.5333333333333333,ccf37b4f04cd9283,ok
bc89296b6858,mem_workingset_sweep_v2,500,120,2,195,32,32,1.0,6,0.25092794956305087,0.0021355446420143055,0.008532495292936678,,179,8.241679604960904,1.0,0.5333333333333333,ccf37b4f04cd9283,ok
bc89296b6858,mem_workingset_sweep_v2,500,120,2,195,64,16,0.25,9,0.25092794956305087,0.0021355446420143055,0.008532495292936678,,179,8.241679604960904,1.0,1.0666666666666667,ccf37b4f04cd9283,ok
bc89296b6858,mem_workingset_sweep_v2,500,120,2,195,64,32,0.5,5,0.25092794956305087,0.0021355446420143055,0.008532495292936678,,179,8.241679604960904,1.0,1.0666666666666667,ccf37b4f04cd9283,ok
bc89296b6858,mem_workingset_sweep_v2,500,120,2,195,64,64,1.0,3,0.25092794956305087,0.0021355446420143055,0.008532495292936678,,179,8.241679604960904,1.0,1.0666666666666667,ccf37b4f04cd9283,ok
bcc9ff30d38f,sandbox_scanner_metadata,500,300,1,491,8,2,0.25,242,0.03894005676393839,0.0026343887256966947,,,489,9.588004546277379,0.9380165289256198,0.2,ebd618cd4346aefc,ok
bcc9ff30d38f,sandbox_scanner_metadata,500,300,1,491,8,4,0.5,121,0.03894005676393839,0.0026343887256966947,,,489,9.588004546277379,0.9338842975206612,0.2,ebd618cd4346aefc,ok
bcc9ff30d38f,sandbox_scanner_metadata,500,300,1,491,8,8,1.0,61,0.03894005676393839,0.0026343887256966947,,,489,9.588004546277379,0.9508196721311475,0.2,ebd618cd4346aefc,ok
bcc9ff30d38f,sandbox_scanner_metadata,500,300,1,491,16,4,0.25,119,0.03894005676393839,0.0026343887256966947,,,489,9.588004546277379,0.9747899159663865,0.4,ebd618cd4346aefc,ok
bcc9ff30d38f,sandbox_scanner_metadata,500,300,1,491,16,8,0.5,60,0.03894005676393839,0.0026343887256966947,,,489,9.588004546277379,0.9666666666666667,0.4,ebd618cd4346aefc,ok
bcc9ff30d38f,sandbox_scanner_metadata,500,300,1,491,16,16,1.0,30,0.03894005676393839,0.0026343887256966947,,,489,9.588004546277379,0.9666666666666667,0.4,ebd618cd4346aefc,ok
bcc9ff30d38f,sandbox_scanner_metadata,500,300,1,491,32,8,0.25,58,0.03894005676393839,0.0026343887256966947,,,489,9.588004546277379,1.0,0.8,ebd618cd4346aefc,ok
bcc9ff30d38f,sandbox_scanner_metadata,500,300,1,491,32,16,0.5,29,0.03894005676393839,0.0026343887256966947,,,489,9.588004546277379,1.0,0.8,ebd618cd4346aefc,ok
bcc9ff30d38f,sandbox_scanner_metadata,500,300,1,491,32,32,1.0,15,0.03894005676393839,0.0026343887256966947,,,489,9.588004546277379,1.0,0.8,ebd618cd4346aefc,ok
bcc9ff30d38f,sandbox_scanner_metadata,500,300,1,491,64,16,0.25,27,0.03894005676393839,0.0026343887256966947,,,489,9.588004546277379,1.0,1.6,ebd618cd4346aefc,ok
bcc9ff30d38f,sandbox_scanner_metadata,500,300,1,491,64,32,0.5,14,0.03894005676393839,0.0026343887256966947,,,489,9.588004546277379,1.0,1.6,ebd618cd4346aefc,ok
bcc9ff30d38f,sandbox_scanner_metadata,500,300,1,491,64,64,1.0,7,0.03894005676393839,0.0026343887256966947,,,489,9.588004546277379,1.0,1.6,ebd618cd4346aefc,ok
c329d0bc2777,sandbox_ransom_slowburn,500,600,2,862,8,2,0.25,428,0.001611815804395211,0.0076465022447188965,,,860,19.29503072341667,0.9953271028037384,0.2,65b610d11055aca7,ok
c329d0bc2777,sandbox_ransom_slowburn,500,600,2,862,8,4,0.5,214,0.001611815804395211,0.0076465022447188965,,,860,19.29503072341667,0.9953271028037384,0.2,65b610d11055aca7,ok
c329d0bc2777,sandbox_ransom_slowburn,500,600,2,862,8,8,1.0,107,0.001611815804395211,0.0076465022447188965,,,860,19.29503072341667,0.9906542056074766,0.2,65b610d11055aca7,ok
c329d0bc2777,sandbox_ransom_slowburn,500,600,2,862,16,4,0.25,212,0.001611815804395211,0.0076465022447188965,,,860,19.29503072341667,0.9952830188679245,0.4,65b610d11055aca7,ok
c329d0bc2777,sandbox_ransom_slowburn,500,600,2,862,16,8,0.5,106,0.001611815804395211,0.0076465022447188965,,,860,19.29503072341667,0.9905660377358491,0.4,65b610d11055aca7,ok
c329d0bc2777,sandbox_ransom_slowburn,500,600,2,862,16,16,1.0,53,0.001611815804395211,0.0076465022447188965,,,860,19.29503072341667,0.9811320754716981,0.4,65b610d11055aca7,ok
c329d0bc2777,sandbox_ransom_slowburn,500,600,2,862,32,8,0.25,104,0.001611815804395211,0.0076465022447188965,,,860,19.29503072341667,0.9903846153846154,0.8,65b610d11055aca7,ok
c329d0bc2777,sandbox_ransom_slowburn,500,600,2,862,32,16,0.5,52,0.001611815804395211,0.0076465022447188965,,,860,19.29503072341667,0.9807692307692307,0.8,65b610d11055aca7,ok
c329d0bc2777,sandbox_ransom_slowburn,500,600,2,862,32,32,1.0,26,0.001611815804395211,0.0076465022447188965,,,860,19.29503072341667,0.9615384615384616,0.8,65b610d11055aca7,ok
c329d0bc2777,sandbox_ransom_slowburn,500,600,2,862,64,16,0.25,50,0.001611815804395211,0.0076465022447188965,,,860,19.29503072341667,1.0,1.6,65b610d11055aca7,ok
c329d0bc2777,sandbox_ransom_slowburn,500,600,2,862,64,32,0.5,25,0.001611815804395211,0.0076465022447188965,,,860,19.29503072341667,1.0,1.6,65b610d11055aca7,ok
c329d0bc2777,sandbox_ransom_slowburn,500,600,2,862,64,64,1.0,13,0.001611815804395211,0.0076465022447188965,,,860,19.29503072341667,1.0,1.6,65b610d11055aca7,ok
c933f265b72c,sandbox_ransom_slowburn,500,120,1,187,8,2,0.25,90,0.0026077841692429813,0.016241677122725177,,,163,10.884398808297263,0.9888888888888889,0.2,516071cf243354f1,ok
c933f265b72c,sandbox_ransom_slowburn,500,120,1,187,8,4,0.5,45,0.0026077841692429813,0.016241677122725177,,,163,10.884398808297263,0.9777777777777777,0.2,516071cf243354f1,ok
c933f265b72c,sandbox_ransom_slowburn,500,120,1,187,8,8,1.0,23,0.0026077841692429813,0.016241677122725177,,,163,10.884398808297263,0.9565217391304348,0.2,516071cf243354f1,ok
c933f265b72c,sandbox_ransom_slowburn,500,120,1,187,16,4,0.25,43,0.0026077841692429813,0.016241677122725177,,,163,10.884398808297263,1.0,0.4,516071cf243354f1,ok
c933f265b72c,sandbox_ransom_slowburn,500,120,1,187,16,8,0.5,22,0.0026077841692429813,0.016241677122725177,,,163,10.884398808297263,1.0,0.4,516071cf243354f1,ok
c933f265b72c,sandbox_ransom_slowburn,500,120,1,187,16,16,1.0,11,0.0026077841692429813,0.016241677122725177,,,163,10.884398808297263,1.0,0.4,516071cf243354f1,ok
c933f265b72c,sandbox_ransom_slowburn,500,120,1,187,32,8,0.25,20,0.0026077841692429813,0.016241677122725177,,,163,10.884398808297263,1.0,0.8,516071cf243354f1,ok
c933f265b72c,sandbox_ransom_slowburn,500,120,1,187,32,16,0.5,10,0.0026077841692429813,0.016241677122725177,,,163,10.884398808297263,1.0,0.8,516071cf243354f1,ok
c933f265b72c,sandbox_ransom_slowburn,500,120,1,187,32,32,1.0,5,0.0026077841692429813,0.016241677122725177,,,163,10.884398808297263,1.0,0.8,516071cf243354f1,ok
c933f265b72c,sandbox_ransom_slowburn,500,120,1,187,64,16,0.25,8,0.0026077841692429813,0.016241677122725177,,,163,10.884398808297263,1.0,1.6,516071cf243354f1,ok
c933f265b72c,sandbox_ransom_slowburn,500,120,1,187,64,32,0.5,4,0.0026077841692429813,0.016241677122725177,,,163,10.884398808297263,1.0,1.6,516071cf243354f1,ok
c933f265b72c,sandbox_ransom_slowburn,500,120,1,187,64,64,1.0,2,0.0026077841692429813,0.016241677122725177,,,163,10.884398808297263,1.0,1.6,516071cf243354f1,ok
c98321915f16,sandbox_scanner_metadata,500,120,2,196,8,2,0.25,95,0.03900876337168168,0.0028735426087472377,,,63,5.382132673107806,1.0,0.2,a55bcd6a62da26d0,ok
c98321915f16,sandbox_scanner_metadata,500,120,2,196,8,4,0.5,48,0.03900876337168168,0.0028735426087472377,,,63,5.382132673107806,1.0,0.2,a55bcd6a62da26d0,ok
c98321915f16,sandbox_scanner_metadata,500,120,2,196,8,8,1.0,24,0.03900876337168168,0.0028735426087472377,,,63,5.382132673107806,1.0,0.2,a55bcd6a62da26d0,ok
c98321915f16,sandbox_scanner_metadata,500,120,2,196,16,4,0.25,46,0.03900876337168168,0.0028735426087472377,,,63,5.382132673107806,1.0,0.4,a55bcd6a62da26d0,ok
c98321915f16,sandbox_scanner_metadata,500,120,2,196,16,8,0.5,23,0.03900876337168168,0.0028735426087472377,,,63,5.382132673107806,1.0,0.4,a55bcd6a62da26d0,ok
c98321915f16,sandbox_scanner_metadata,500,120,2,196,16,16,1.0,12,0.03900876337168168,0.0028735426087472377,,,63,5.382132673107806,1.0,0.4,a55bcd6a62da26d0,ok
c98321915f16,sandbox_scanner_metadata,500,120,2,196,32,8,0.25,21,0.03900876337168168,0.0028735426087472377,,,63,5.382132673107806,1.0,0.8,a55bcd6a62da26d0,ok
c98321915f16,sandbox_scanner_metadata,500,120,2,196,32,16,0.5,11,0.03900876337168168,0.0028735426087472377,,,63,5.382132673107806,1.0,0.8,a55bcd6a62da26d0,ok
c98321915f16,sandbox_scanner_metadata,500,120,2,196,32,32,1.0,6,0.03900876337168168,0.0028735426087472377,,,63,5.382132673107806,1.0,0.8,a55bcd6a62da26d0,ok
c98321915f16,sandbox_scanner_metadata,500,120,2,196,64,16,0.25,9,0.03900876337168168,0.0028735426087472377,,,63,5.382132673107806,1.0,1.6,a55bcd6a62da26d0,ok
c98321915f16,sandbox_scanner_metadata,500,120,2,196,64,32,0.5,5,0.03900876337168168,0.0028735426087472377,,,63,5.382132673107806,1.0,1.6,a55bcd6a62da26d0,ok
c98321915f16,sandbox_scanner_metadata,500,120,2,196,64,64,1.0,3,0.03900876337168168,0.0028735426087472377,,,63,5.382132673107806,1.0,1.6,a55bcd6a62da26d0,ok
cd40afa05e8c,mem_rmw_intensity_v2,500,300,2,488,8,2,0.25,241,0.22400685607409868,0.049447357150891706,0.2209668904380831,,164,6.430907030196321,0.975103734439834,0.13333333333333333,be1ec68e2c00967b,ok
cd40afa05e8c,mem_rmw_intensity_v2,500,300,2,488,8,4,0.5,121,0.22400685607409868,0.049447357150891706,0.2209668904380831,,164,6.430907030196321,0.9752066115702479,0.13333333333333333,be1ec68e2c00967b,ok
cd40afa05e8c,mem_rmw_intensity_v2,500,300,2,488,8,8,1.0,61,0.22400685607409868,0.049447357150891706,0.2209668904380831,,164,6.430907030196321,0.9836065573770492,0.13333333333333333,be1ec68e2c00967b,ok
cd40afa05e8c,mem_rmw_intensity_v2,500,300,2,488,16,4,0.25,119,0.22400685607409868,0.049447357150891706,0.2209668904380831,,164,6.430907030196321,1.0,0.26666666666666666,be1ec68e2c00967b,ok
cd40afa05e8c,mem_rmw_intensity_v2,500,300,2,488,16,8,0.5,60,0.22400685607409868,0.049447357150891706,0.2209668904380831,,164,6.430907030196321,1.0,0.26666666666666666,be1ec68e2c00967b,ok
cd40afa05e8c,mem_rmw_intensity_v2,500,300,2,488,16,16,1.0,30,0.22400685607409868,0.049447357150891706,0.2209668904380831,,164,6.430907030196321,1.0,0.26666666666666666,be1ec68e2c00967b,ok
cd40afa05e8c,mem_rmw_intensity_v2,500,300,2,488,32,8,0.25,58,0.22400685607409868,0.049447357150891706,0.2209668904380831,,164,6.430907030196321,1.0,0.5333333333333333,be1ec68e2c00967b,ok
cd40afa05e8c,mem_rmw_intensity_v2,500,300,2,488,32,16,0.5,29,0.22400685607409868,0.049447357150891706,0.2209668904380831,,164,6.430907030196321,1.0,0.5333333333333333,be1ec68e2c00967b,ok
cd40afa05e8c,mem_rmw_intensity_v2,500,300,2,488,32,32,1.0,15,0.22400685607409868,0.049447357150891706,0.2209668904380831,,164,6.430907030196321,1.0,0.5333333333333333,be1ec68e2c00967b,ok
cd40afa05e8c,mem_rmw_intensity_v2,500,300,2,488,64,16,0.25,27,0.22400685607409868,0.049447357150891706,0.2209668904380831,,164,6.430907030196321,1.0,1.0666666666666667,be1ec68e2c00967b,ok
cd40afa05e8c,mem_rmw_intensity_v2,500,300,2,488,64,32,0.5,14,0.22400685607409868,0.049447357150891706,0.2209668904380831,,164,6.430907030196321,1.0,1.0666666666666667,be1ec68e2c00967b,ok
cd40afa05e8c,mem_rmw_intensity_v2,500,300,2,488,64,64,1.0,7,0.22400685607409868,0.049447357150891706,0.2209668904380831,,164,6.430907030196321,1.0,1.0666666666666667,be1ec68e2c00967b,ok
ce5141c32cbe,mem_writemag_sweep_v2,500,300,1,490,8,2,0.25,242,0.2506450263821349,0.001304504220001495,0.005209907439678668,,469,11.292658450555901,0.9586776859504132,0.13333333333333333,bbb112da674ae2ef,ok
ce5141c32cbe,mem_writemag_sweep_v2,500,300,1,490,8,4,0.5,121,0.2506450263821349,0.001304504220001495,0.005209907439678668,,469,11.292658450555901,0.9504132231404959,0.13333333333333333,bbb112da674ae2ef,ok
ce5141c32cbe,mem_writemag_sweep_v2,500,300,1,490,8,8,1.0,61,0.2506450263821349,0.001304504220001495,0.005209907439678668,,469,11.292658450555901,0.9508196721311475,0.13333333333333333,bbb112da674ae2ef,ok
ce5141c32cbe,mem_writemag_sweep_v2,500,300,1,490,16,4,0.25,119,0.2506450263821349,0.001304504220001495,0.005209907439678668,,469,11.292658450555901,0.9663865546218487,0.26666666666666666,bbb112da674ae2ef,ok
ce5141c32cbe,mem_writemag_sweep_v2,500,300,1,490,16,8,0.5,60,0.2506450263821349,0.001304504220001495,0.005209907439678668,,469,11.292658450555901,0.9666666666666667,0.26666666666666666,bbb112da674ae2ef,ok
ce5141c32cbe,mem_writemag_sweep_v2,500,300,1,490,16,16,1.0,30,0.2506450263821349,0.001304504220001495,0.005209907439678668,,469,11.292658450555901,0.9666666666666667,0.26666666666666666,bbb112da674ae2ef,ok
ce5141c32cbe,mem_writemag_sweep_v2,500,300,1,490,32,8,0.25,58,0.2506450263821349,0.001304504220001495,0.005209907439678668,,469,11.292658450555901,0.9827586206896551,0.5333333333333333,bbb112da674ae2ef,ok
ce5141c32cbe,mem_writemag_sweep_v2,500,300,1,490,32,16,0.5,29,0.2506450263821349,0.001304504220001495,0.005209907439678668,,469,11.292658450555901,0.9655172413793104,0.5333333333333333,bbb112da674ae2ef,ok
ce5141c32cbe,mem_writemag_sweep_v2,500,300,1,490,32,32,1.0,15,0.2506450263821349,0.001304504220001495,0.005209907439678668,,469,11.292658450555901,0.9333333333333333,0.5333333333333333,bbb112da674ae2ef,ok
ce5141c32cbe,mem_writemag_sweep_v2,500,300,1,490,64,16,0.25,27,0.2506450263821349,0.001304504220001495,0.005209907439678668,,469,11.292658450555901,1.0,1.0666666666666667,bbb112da674ae2ef,ok
ce5141c32cbe,mem_writemag_sweep_v2,500,300,1,490,64,32,0.5,14,0.2506450263821349,0.001304504220001495,0.005209907439678668,,469,11.292658450555901,1.0,1.0666666666666667,bbb112da674ae2ef,ok
ce5141c32cbe,mem_writemag_sweep_v2,500,300,1,490,64,64,1.0,7,0.2506450263821349,0.001304504220001495,0.005209907439678668,,469,11.292658450555901,1.0,1.0666666666666667,bbb112da674ae2ef,ok
d2821321d3f6,app_hashtable_intensive_v2,500,600,2,983,8,2,0.25,488,0.15298372658683956,0.11761941547224418,0.7692274893887652,,978,14.991538392168259,1.0,0.13333333333333333,508e9b07a0d07613,ok
d2821321d3f6,app_hashtable_intensive_v2,500,600,2,983,8,4,0.5,244,0.15298372658683956,0.11761941547224418,0.7692274893887652,,978,14.991538392168259,1.0,0.13333333333333333,508e9b07a0d07613,ok
d2821321d3f6,app_hashtable_intensive_v2,500,600,2,983,8,8,1.0,122,0.15298372658683956,0.11761941547224418,0.7692274893887652,,978,14.991538392168259,1.0,0.13333333333333333,508e9b07a0d07613,ok
d2821321d3f6,app_hashtable_intensive_v2,500,600,2,983,16,4,0.25,242,0.15298372658683956,0.11761941547224418,0.7692274893887652,,978,14.991538392168259,1.0,0.26666666666666666,508e9b07a0d07613,ok
d2821321d3f6,app_hashtable_intensive_v2,500,600,2,983,16,8,0.5,121,0.15298372658683956,0.11761941547224418,0.7692274893887652,,978,14.991538392168259,1.0,0.26666666666666666,508e9b07a0d07613,ok
d2821321d3f6,app_hashtable_intensive_v2,500,600,2,983,16,16,1.0,61,0.15298372658683956,0.11761941547224418,0.7692274893887652,,978,14.991538392168259,1.0,0.26666666666666666,508e9b07a0d07613,ok
d2821321d3f6,app_hashtable_intensive_v2,500,600,2,983,32,8,0.25,119,0.15298372658683956,0.11761941547224418,0.7692274893887652,,978,14.991538392168259,1.0,0.5333333333333333,508e9b07a0d07613,ok
d2821321d3f6,app_hashtable_intensive_v2,500,600,2,983,32,16,0.5,60,0.15298372658683956,0.11761941547224418,0.7692274893887652,,978,14.991538392168259,1.0,0.5333333333333333,508e9b07a0d07613,ok
d2821321d3f6,app_hashtable_intensive_v2,500,600,2,983,32,32,1.0,30,0.15298372658683956,0.11761941547224418,0.7692274893887652,,978,14.991538392168259,1.0,0.5333333333333333,508e9b07a0d07613,ok
d2821321d3f6,app_hashtable_intensive_v2,500,600,2,983,64,16,0.25,58,0.15298372658683956,0.11761941547224418,0.7692274893887652,,978,14.991538392168259,1.0,1.0666666666666667,508e9b07a0d07613,ok
d2821321d3f6,app_hashtable_intensive_v2,500,600,2,983,64,32,0.5,29,0.15298372658683956,0.11761941547224418,0.7692274893887652,,978,14.991538392168259,1.0,1.0666666666666667,508e9b07a0d07613,ok
d2821321d3f6,app_hashtable_intensive_v2,500,600,2,983,64,64,1.0,15,0.15298372658683956,0.11761941547224418,0.7692274893887652,,978,14.991538392168259,1.0,1.0666666666666667,508e9b07a0d07613,ok
d6e762d9fc7e,mem_writemag_sweep_v2,500,600,1,980,8,2,0.25,487,0.25055037907191685,0.0010214177407431844,0.004078777590333634,,967,14.287926209747221,0.9753593429158111,0.13333333333333333,d366fe3aabe6b9f3,ok
d6e762d9fc7e,mem_writemag_sweep_v2,500,600,1,980,8,4,0.5,244,0.25055037907191685,0.0010214177407431844,0.004078777590333634,,967,14.287926209747221,0.9713114754098361,0.13333333333333333,d366fe3aabe6b9f3,ok
d6e762d9fc7e,mem_writemag_sweep_v2,500,600,1,980,8,8,1.0,122,0.25055037907191685,0.0010214177407431844,0.004078777590333634,,967,14.287926209747221,0.9672131147540983,0.13333333333333333,d366fe3aabe6b9f3,ok
d6e762d9fc7e,mem_writemag_sweep_v2,500,600,1,980,16,4,0.25,242,0.25055037907191685,0.0010214177407431844,0.004078777590333634,,967,14.287926209747221,0.9669421487603306,0.26666666666666666,d366fe3aabe6b9f3,ok
d6e762d9fc7e,mem_writemag_sweep_v2,500,600,1,980,16,8,0.5,121,0.25055037907191685,0.0010214177407431844,0.004078777590333634,,967,14.287926209747221,0.9669421487603306,0.26666666666666666,d366fe3aabe6b9f3,ok
d6e762d9fc7e,mem_writemag_sweep_v2,500,600,1,980,16,16,1.0,61,0.25055037907191685,0.0010214177407431844,0.004078777590333634,,967,14.287926209747221,0.9672131147540983,0.26666666666666666,d366fe3aabe6b9f3,ok
d6e762d9fc7e,mem_writemag_sweep_v2,500,600,1,980,32,8,0.25,119,0.25055037907191685,0.0010214177407431844,0.004078777590333634,,967,14.287926209747221,0.9747899159663865,0.5333333333333333,d366fe3aabe6b9f3,ok
d6e762d9fc7e,mem_writemag_sweep_v2,500,600,1,980,32,16,0.5,60,0.25055037907191685,0.0010214177407431844,0.004078777590333634,,967,14.287926209747221,0.9666666666666667,0.5333333333333333,d366fe3aabe6b9f3,ok
d6e762d9fc7e,mem_writemag_sweep_v2,500,600,1,980,32,32,1.0,30,0.25055037907191685,0.0010214177407431844,0.004078777590333634,,967,14.287926209747221,0.9666666666666667,0.5333333333333333,d366fe3aabe6b9f3,ok
d6e762d9fc7e,mem_writemag_sweep_v2,500,600,1,980,64,16,0.25,58,0.25055037907191685,0.0010214177407431844,0.004078777590333634,,967,14.287926209747221,0.9827586206896551,1.0666666666666667,d366fe3aabe6b9f3,ok
d6e762d9fc7e,mem_writemag_sweep_v2,500,600,1,980,64,32,0.5,29,0.25055037907191685,0.0010214177407431844,0.004078777590333634,,967,14.287926209747221,0.9655172413793104,1.0666666666666667,d366fe3aabe6b9f3,ok
d6e762d9fc7e,mem_writemag_sweep_v2,500,600,1,980,64,64,1.0,15,0.25055037907191685,0.0010214177407431844,0.004078777590333634,,967,14.287926209747221,0.9333333333333333,1.0666666666666667,d366fe3aabe6b9f3,ok
d84c750f0590,sandbox_ransom_batched,500,300,1,471,8,2,0.25,232,0.007704344018502853,0.0011857901536823704,,,466,8.76989099226048,0.9741379310344828,0.2,057650c831d231b2,ok
d84c750f0590,sandbox_ransom_batched,500,300,1,471,8,4,0.5,116,0.007704344018502853,0.0011857901536823704,,,466,8.76989099226048,0.9741379310344828,0.2,057650c831d231b2,ok
d84c750f0590,sandbox_ransom_batched,500,300,1,471,8,8,1.0,58,0.007704344018502853,0.0011857901536823704,,,466,8.76989099226048,0.9655172413793104,0.2,057650c831d231b2,ok
d84c750f0590,sandbox_ransom_batched,500,300,1,471,16,4,0.25,114,0.007704344018502853,0.0011857901536823704,,,466,8.76989099226048,0.9824561403508771,0.4,057650c831d231b2,ok
d84c750f0590,sandbox_ransom_batched,500,300,1,471,16,8,0.5,57,0.007704344018502853,0.0011857901536823704,,,466,8.76989099226048,0.9824561403508771,0.4,057650c831d231b2,ok
d84c750f0590,sandbox_ransom_batched,500,300,1,471,16,16,1.0,29,0.007704344018502853,0.0011857901536823704,,,466,8.76989099226048,0.9655172413793104,0.4,057650c831d231b2,ok
d84c750f0590,sandbox_ransom_batched,500,300,1,471,32,8,0.25,55,0.007704344018502853,0.0011857901536823704,,,466,8.76989099226048,0.9818181818181818,0.8,057650c831d231b2,ok
d84c750f0590,sandbox_ransom_batched,500,300,1,471,32,16,0.5,28,0.007704344018502853,0.0011857901536823704,,,466,8.76989099226048,0.9642857142857143,0.8,057650c831d231b2,ok
d84c750f0590,sandbox_ransom_batched,500,300,1,471,32,32,1.0,14,0.007704344018502853,0.0011857901536823704,,,466,8.76989099226048,0.9285714285714286,0.8,057650c831d231b2,ok
d84c750f0590,sandbox_ransom_batched,500,300,1,471,64,16,0.25,26,0.007704344018502853,0.0011857901536823704,,,466,8.76989099226048,1.0,1.6,057650c831d231b2,ok
d84c750f0590,sandbox_ransom_batched,500,300,1,471,64,32,0.5,13,0.007704344018502853,0.0011857901536823704,,,466,8.76989099226048,1.0,1.6,057650c831d231b2,ok
d84c750f0590,sandbox_ransom_batched,500,300,1,471,64,64,1.0,7,0.007704344018502853,0.0011857901536823704,,,466,8.76989099226048,1.0,1.6,057650c831d231b2,ok
d91934cacea0,mem_workingset_sweep_v2,500,600,2,978,8,2,0.25,486,0.2505471516240594,0.001005619682761502,0.004015747899476504,,977,13.845036507658532,0.9711934156378601,0.13333333333333333,17d01f6d39425bb1,ok
d91934cacea0,mem_workingset_sweep_v2,500,600,2,978,8,4,0.5,243,0.2505471516240594,0.001005619682761502,0.004015747899476504,,977,13.845036507658532,0.9711934156378601,0.13333333333333333,17d01f6d39425bb1,ok
d91934cacea0,mem_workingset_sweep_v2,500,600,2,978,8,8,1.0,122,0.2505471516240594,0.001005619682761502,0.004015747899476504,,977,13.845036507658532,0.9754098360655737,0.13333333333333333,17d01f6d39425bb1,ok
d91934cacea0,mem_workingset_sweep_v2,500,600,2,978,16,4,0.25,241,0.2505471516240594,0.001005619682761502,0.004015747899476504,,977,13.845036507658532,0.970954356846473,0.26666666666666666,17d01f6d39425bb1,ok
d91934cacea0,mem_workingset_sweep_v2,500,600,2,978,16,8,0.5,121,0.2505471516240594,0.001005619682761502,0.004015747899476504,,977,13.845036507658532,0.9669421487603306,0.26666666666666666,17d01f6d39425bb1,ok
d91934cacea0,mem_workingset_sweep_v2,500,600,2,978,16,16,1.0,61,0.2505471516240594,0.001005619682761502,0.004015747899476504,,977,13.845036507658532,0.9672131147540983,0.26666666666666666,17d01f6d39425bb1,ok
d91934cacea0,mem_workingset_sweep_v2,500,600,2,978,32,8,0.25,119,0.2505471516240594,0.001005619682761502,0.004015747899476504,,977,13.845036507658532,0.9747899159663865,0.5333333333333333,17d01f6d39425bb1,ok
d91934cacea0,mem_workingset_sweep_v2,500,600,2,978,32,16,0.5,60,0.2505471516240594,0.001005619682761502,0.004015747899476504,,977,13.845036507658532,0.9666666666666667,0.5333333333333333,17d01f6d39425bb1,ok
d91934cacea0,mem_workingset_sweep_v2,500,600,2,978,32,32,1.0,30,0.2505471516240594,0.001005619682761502,0.004015747899476504,,977,13.845036507658532,0.9666666666666667,0.5333333333333333,17d01f6d39425bb1,ok
d91934cacea0,mem_workingset_sweep_v2,500,600,2,978,64,16,0.25,58,0.2505471516240594,0.001005619682761502,0.004015747899476504,,977,13.845036507658532,0.9827586206896551,1.0666666666666667,17d01f6d39425bb1,ok
d91934cacea0,mem_workingset_sweep_v2,500,600,2,978,64,32,0.5,29,0.2505471516240594,0.001005619682761502,0.004015747899476504,,977,13.845036507658532,0.9655172413793104,1.0666666666666667,17d01f6d39425bb1,ok
d91934cacea0,mem_workingset_sweep_v2,500,600,2,978,64,64,1.0,15,0.2505471516240594,0.001005619682761502,0.004015747899476504,,977,13.845036507658532,0.9333333333333333,1.0666666666666667,17d01f6d39425bb1,ok
df723fdc1b1a,mem_mmap_traversal_v2,500,120,2,148,8,2,0.25,71,0.20972442626953125,0.05664967458515368,0.27103201556863094,,62,5.171067865538916,1.0,0.13333333333333333,4fe16f6c131148bc,ok
df723fdc1b1a,mem_mmap_traversal_v2,500,120,2,148,8,4,0.5,36,0.20972442626953125,0.05664967458515368,0.27103201556863094,,62,5.171067865538916,1.0,0.13333333333333333,4fe16f6c131148bc,ok
df723fdc1b1a,mem_mmap_traversal_v2,500,120,2,148,8,8,1.0,18,0.20972442626953125,0.05664967458515368,0.27103201556863094,,62,5.171067865538916,1.0,0.13333333333333333,4fe16f6c131148bc,ok
df723fdc1b1a,mem_mmap_traversal_v2,500,120,2,148,16,4,0.25,34,0.20972442626953125,0.05664967458515368,0.27103201556863094,,62,5.171067865538916,1.0,0.26666666666666666,4fe16f6c131148bc,ok
df723fdc1b1a,mem_mmap_traversal_v2,500,120,2,148,16,8,0.5,17,0.20972442626953125,0.05664967458515368,0.27103201556863094,,62,5.171067865538916,1.0,0.26666666666666666,4fe16f6c131148bc,ok
df723fdc1b1a,mem_mmap_traversal_v2,500,120,2,148,16,16,1.0,9,0.20972442626953125,0.05664967458515368,0.27103201556863094,,62,5.171067865538916,1.0,0.26666666666666666,4fe16f6c131148bc,ok
df723fdc1b1a,mem_mmap_traversal_v2,500,120,2,148,32,8,0.25,15,0.20972442626953125,0.05664967458515368,0.27103201556863094,,62,5.171067865538916,1.0,0.5333333333333333,4fe16f6c131148bc,ok
df723fdc1b1a,mem_mmap_traversal_v2,500,120,2,148,32,16,0.5,8,0.20972442626953125,0.05664967458515368,0.27103201556863094,,62,5.171067865538916,1.0,0.5333333333333333,4fe16f6c131148bc,ok
df723fdc1b1a,mem_mmap_traversal_v2,500,120,2,148,32,32,1.0,4,0.20972442626953125,0.05664967458515368,0.27103201556863094,,62,5.171067865538916,1.0,0.5333333333333333,4fe16f6c131148bc,ok
df723fdc1b1a,mem_mmap_traversal_v2,500,120,2,148,64,16,0.25,6,0.20972442626953125,0.05664967458515368,0.27103201556863094,,62,5.171067865538916,1.0,1.0666666666666667,4fe16f6c131148bc,ok
df723fdc1b1a,mem_mmap_traversal_v2,500,120,2,148,64,32,0.5,3,0.20972442626953125,0.05664967458515368,0.27103201556863094,,62,5.171067865538916,1.0,1.0666666666666667,4fe16f6c131148bc,ok
df723fdc1b1a,mem_mmap_traversal_v2,500,120,2,148,64,64,1.0,2,0.20972442626953125,0.05664967458515368,0.27103201556863094,,62,5.171067865538916,1.0,1.0666666666666667,4fe16f6c131148bc,ok
e0ab2d3b39ab,sandbox_ransom_seq,500,600,1,268,8,2,0.25,131,0.28598023884332,0.1221181272680867,,,267,9.277214896522782,0.8625954198473282,0.2,6538aa21cd81d005,ok
e0ab2d3b39ab,sandbox_ransom_seq,500,600,1,268,8,4,0.5,66,0.28598023884332,0.1221181272680867,,,267,9.277214896522782,0.8484848484848485,0.2,6538aa21cd81d005,ok
e0ab2d3b39ab,sandbox_ransom_seq,500,600,1,268,8,8,1.0,33,0.28598023884332,0.1221181272680867,,,267,9.277214896522782,0.7878787878787878,0.2,6538aa21cd81d005,ok
e0ab2d3b39ab,sandbox_ransom_seq,500,600,1,268,16,4,0.25,64,0.28598023884332,0.1221181272680867,,,267,9.277214896522782,0.984375,0.4,6538aa21cd81d005,ok
e0ab2d3b39ab,sandbox_ransom_seq,500,600,1,268,16,8,0.5,32,0.28598023884332,0.1221181272680867,,,267,9.277214896522782,0.96875,0.4,6538aa21cd81d005,ok
e0ab2d3b39ab,sandbox_ransom_seq,500,600,1,268,16,16,1.0,16,0.28598023884332,0.1221181272680867,,,267,9.277214896522782,1.0,0.4,6538aa21cd81d005,ok
e0ab2d3b39ab,sandbox_ransom_seq,500,600,1,268,32,8,0.25,30,0.28598023884332,0.1221181272680867,,,267,9.277214896522782,1.0,0.8,6538aa21cd81d005,ok
e0ab2d3b39ab,sandbox_ransom_seq,500,600,1,268,32,16,0.5,15,0.28598023884332,0.1221181272680867,,,267,9.277214896522782,1.0,0.8,6538aa21cd81d005,ok
e0ab2d3b39ab,sandbox_ransom_seq,500,600,1,268,32,32,1.0,8,0.28598023884332,0.1221181272680867,,,267,9.277214896522782,1.0,0.8,6538aa21cd81d005,ok
e0ab2d3b39ab,sandbox_ransom_seq,500,600,1,268,64,16,0.25,13,0.28598023884332,0.1221181272680867,,,267,9.277214896522782,1.0,1.6,6538aa21cd81d005,ok
e0ab2d3b39ab,sandbox_ransom_seq,500,600,1,268,64,32,0.5,7,0.28598023884332,0.1221181272680867,,,267,9.277214896522782,1.0,1.6,6538aa21cd81d005,ok
e0ab2d3b39ab,sandbox_ransom_seq,500,600,1,268,64,64,1.0,4,0.28598023884332,0.1221181272680867,,,267,9.277214896522782,1.0,1.6,6538aa21cd81d005,ok
e2d735f7bdc2,sandbox_ransom_seq,500,300,1,128,8,2,0.25,61,0.3329215943813324,0.10473015050659652,,,127,7.9873453286017195,1.0,0.2,7f478c851365b3c9,ok
e2d735f7bdc2,sandbox_ransom_seq,500,300,1,128,8,4,0.5,31,0.3329215943813324,0.10473015050659652,,,127,7.9873453286017195,1.0,0.2,7f478c851365b3c9,ok
e2d735f7bdc2,sandbox_ransom_seq,500,300,1,128,8,8,1.0,16,0.3329215943813324,0.10473015050659652,,,127,7.9873453286017195,1.0,0.2,7f478c851365b3c9,ok
e2d735f7bdc2,sandbox_ransom_seq,500,300,1,128,16,4,0.25,29,0.3329215943813324,0.10473015050659652,,,127,7.9873453286017195,1.0,0.4,7f478c851365b3c9,ok
e2d735f7bdc2,sandbox_ransom_seq,500,300,1,128,16,8,0.5,15,0.3329215943813324,0.10473015050659652,,,127,7.9873453286017195,1.0,0.4,7f478c851365b3c9,ok
e2d735f7bdc2,sandbox_ransom_seq,500,300,1,128,16,16,1.0,8,0.3329215943813324,0.10473015050659652,,,127,7.9873453286017195,1.0,0.4,7f478c851365b3c9,ok
e2d735f7bdc2,sandbox_ransom_seq,500,300,1,128,32,8,0.25,13,0.3329215943813324,0.10473015050659652,,,127,7.9873453286017195,1.0,0.8,7f478c851365b3c9,ok
e2d735f7bdc2,sandbox_ransom_seq,500,300,1,128,32,16,0.5,7,0.3329215943813324,0.10473015050659652,,,127,7.9873453286017195,1.0,0.8,7f478c851365b3c9,ok
e2d735f7bdc2,sandbox_ransom_seq,500,300,1,128,32,32,1.0,4,0.3329215943813324,0.10473015050659652,,,127,7.9873453286017195,1.0,0.8,7f478c851365b3c9,ok
e2d735f7bdc2,sandbox_ransom_seq,500,300,1,128,64,16,0.25,5,0.3329215943813324,0.10473015050659652,,,127,7.9873453286017195,1.0,1.6,7f478c851365b3c9,ok
e2d735f7bdc2,sandbox_ransom_seq,500,300,1,128,64,32,0.5,3,0.3329215943813324,0.10473015050659652,,,127,7.9873453286017195,1.0,1.6,7f478c851365b3c9,ok
e2d735f7bdc2,sandbox_ransom_seq,500,300,1,128,64,64,1.0,2,0.3329215943813324,0.10473015050659652,,,127,7.9873453286017195,1.0,1.6,7f478c851365b3c9,ok
e4a85b5d0d99,sandbox_scanner_metadata,500,600,1,980,8,2,0.25,487,0.038808612434231504,0.0023736555587181313,,,979,9.381561482557268,0.9815195071868583,0.2,43b08d4f2d6108fc,ok
e4a85b5d0d99,sandbox_scanner_metadata,500,600,1,980,8,4,0.5,244,0.038808612434231504,0.0023736555587181313,,,979,9.381561482557268,0.9754098360655737,0.2,43b08d4f2d6108fc,ok
e4a85b5d0d99,sandbox_scanner_metadata,500,600,1,980,8,8,1.0,122,0.038808612434231504,0.0023736555587181313,,,979,9.381561482557268,0.9672131147540983,0.2,43b08d4f2d6108fc,ok
e4a85b5d0d99,sandbox_scanner_metadata,500,600,1,980,16,4,0.25,242,0.038808612434231504,0.0023736555587181313,,,979,9.381561482557268,1.0,0.4,43b08d4f2d6108fc,ok
e4a85b5d0d99,sandbox_scanner_metadata,500,600,1,980,16,8,0.5,121,0.038808612434231504,0.0023736555587181313,,,979,9.381561482557268,1.0,0.4,43b08d4f2d6108fc,ok
e4a85b5d0d99,sandbox_scanner_metadata,500,600,1,980,16,16,1.0,61,0.038808612434231504,0.0023736555587181313,,,979,9.381561482557268,1.0,0.4,43b08d4f2d6108fc,ok
e4a85b5d0d99,sandbox_scanner_metadata,500,600,1,980,32,8,0.25,119,0.038808612434231504,0.0023736555587181313,,,979,9.381561482557268,1.0,0.8,43b08d4f2d6108fc,ok
e4a85b5d0d99,sandbox_scanner_metadata,500,600,1,980,32,16,0.5,60,0.038808612434231504,0.0023736555587181313,,,979,9.381561482557268,1.0,0.8,43b08d4f2d6108fc,ok
e4a85b5d0d99,sandbox_scanner_metadata,500,600,1,980,32,32,1.0,30,0.038808612434231504,0.0023736555587181313,,,979,9.381561482557268,1.0,0.8,43b08d4f2d6108fc,ok
e4a85b5d0d99,sandbox_scanner_metadata,500,600,1,980,64,16,0.25,58,0.038808612434231504,0.0023736555587181313,,,979,9.381561482557268,1.0,1.6,43b08d4f2d6108fc,ok
e4a85b5d0d99,sandbox_scanner_metadata,500,600,1,980,64,32,0.5,29,0.038808612434231504,0.0023736555587181313,,,979,9.381561482557268,1.0,1.6,43b08d4f2d6108fc,ok
e4a85b5d0d99,sandbox_scanner_metadata,500,600,1,980,64,64,1.0,15,0.038808612434231504,0.0023736555587181313,,,979,9.381561482557268,1.0,1.6,43b08d4f2d6108fc,ok
eb7003cbfd22,sandbox_ransom_seq,500,120,1,87,8,2,0.25,40,0.3459326206952676,0.10206461185510278,,,85,7.062043896659352,1.0,0.2,329960676a0e9454,ok
eb7003cbfd22,sandbox_ransom_seq,500,120,1,87,8,4,0.5,20,0.3459326206952676,0.10206461185510278,,,85,7.062043896659352,1.0,0.2,329960676a0e9454,ok
eb7003cbfd22,sandbox_ransom_seq,500,120,1,87,8,8,1.0,10,0.3459326206952676,0.10206461185510278,,,85,7.062043896659352,1.0,0.2,329960676a0e9454,ok
eb7003cbfd22,sandbox_ransom_seq,500,120,1,87,16,4,0.25,18,0.3459326206952676,0.10206461185510278,,,85,7.062043896659352,1.0,0.4,329960676a0e9454,ok
eb7003cbfd22,sandbox_ransom_seq,500,120,1,87,16,8,0.5,9,0.3459326206952676,0.10206461185510278,,,85,7.062043896659352,1.0,0.4,329960676a0e9454,ok
eb7003cbfd22,sandbox_ransom_seq,500,120,1,87,16,16,1.0,5,0.3459326206952676,0.10206461185510278,,,85,7.062043896659352,1.0,0.4,329960676a0e9454,ok
eb7003cbfd22,sandbox_ransom_seq,500,120,1,87,32,8,0.25,7,0.3459326206952676,0.10206461185510278,,,85,7.062043896659352,1.0,0.8,329960676a0e9454,ok
eb7003cbfd22,sandbox_ransom_seq,500,120,1,87,32,16,0.5,4,0.3459326206952676,0.10206461185510278,,,85,7.062043896659352,1.0,0.8,329960676a0e9454,ok
eb7003cbfd22,sandbox_ransom_seq,500,120,1,87,32,32,1.0,2,0.3459326206952676,0.10206461185510278,,,85,7.062043896659352,1.0,0.8,329960676a0e9454,ok
eb7003cbfd22,sandbox_ransom_seq,500,120,1,87,64,16,0.25,2,0.3459326206952676,0.10206461185510278,,,85,7.062043896659352,1.0,1.6,329960676a0e9454,ok
eb7003cbfd22,sandbox_ransom_seq,500,120,1,87,64,32,0.5,1,0.3459326206952676,0.10206461185510278,,,85,7.062043896659352,1.0,1.6,329960676a0e9454,ok
eb7003cbfd22,sandbox_ransom_seq,500,120,1,87,64,64,1.0,1,0.3459326206952676,0.10206461185510278,,,85,7.062043896659352,1.0,1.6,329960676a0e9454,ok
f0b76adb5a03,mem_rmw_intensity_v2,500,120,2,195,8,2,0.25,94,0.21573237883738983,0.05881950314751878,0.2733521285412966,,40,5.8250647895223215,1.0,0.13333333333333333,4f82113ce248adb7,ok
f0b76adb5a03,mem_rmw_intensity_v2,500,120,2,195,8,4,0.5,47,0.21573237883738983,0.05881950314751878,0.2733521285412966,,40,5.8250647895223215,1.0,0.13333333333333333,4f82113ce248adb7,ok
f0b76adb5a03,mem_rmw_intensity_v2,500,120,2,195,8,8,1.0,24,0.21573237883738983,0.05881950314751878,0.2733521285412966,,40,5.8250647895223215,1.0,0.13333333333333333,4f82113ce248adb7,ok
f0b76adb5a03,mem_rmw_intensity_v2,500,120,2,195,16,4,0.25,45,0.21573237883738983,0.05881950314751878,0.2733521285412966,,40,5.8250647895223215,1.0,0.26666666666666666,4f82113ce248adb7,ok
f0b76adb5a03,mem_rmw_intensity_v2,500,120,2,195,16,8,0.5,23,0.21573237883738983,0.05881950314751878,0.2733521285412966,,40,5.8250647895223215,1.0,0.26666666666666666,4f82113ce248adb7,ok
f0b76adb5a03,mem_rmw_intensity_v2,500,120,2,195,16,16,1.0,12,0.21573237883738983,0.05881950314751878,0.2733521285412966,,40,5.8250647895223215,1.0,0.26666666666666666,4f82113ce248adb7,ok
f0b76adb5a03,mem_rmw_intensity_v2,500,120,2,195,32,8,0.25,21,0.21573237883738983,0.05881950314751878,0.2733521285412966,,40,5.8250647895223215,1.0,0.5333333333333333,4f82113ce248adb7,ok
f0b76adb5a03,mem_rmw_intensity_v2,500,120,2,195,32,16,0.5,11,0.21573237883738983,0.05881950314751878,0.2733521285412966,,40,5.8250647895223215,1.0,0.5333333333333333,4f82113ce248adb7,ok
f0b76adb5a03,mem_rmw_intensity_v2,500,120,2,195,32,32,1.0,6,0.21573237883738983,0.05881950314751878,0.2733521285412966,,40,5.8250647895223215,1.0,0.5333333333333333,4f82113ce248adb7,ok
f0b76adb5a03,mem_rmw_intensity_v2,500,120,2,195,64,16,0.25,9,0.21573237883738983,0.05881950314751878,0.2733521285412966,,40,5.8250647895223215,1.0,1.0666666666666667,4f82113ce248adb7,ok
f0b76adb5a03,mem_rmw_intensity_v2,500,120,2,195,64,32,0.5,5,0.21573237883738983,0.05881950314751878,0.2733521285412966,,40,5.8250647895223215,1.0,1.0666666666666667,4f82113ce248adb7,ok
f0b76adb5a03,mem_rmw_intensity_v2,500,120,2,195,64,64,1.0,3,0.21573237883738983,0.05881950314751878,0.2733521285412966,,40,5.8250647895223215,1.0,1.0666666666666667,4f82113ce248adb7,ok
f27f8d4d8b1d,sandbox_scanner_metadata,500,600,2,980,8,2,0.25,487,0.039503549069774394,0.0022699811589329605,,,979,9.579056168033986,0.9425051334702259,0.2,15b4d4dab7c578d4,ok
f27f8d4d8b1d,sandbox_scanner_metadata,500,600,2,980,8,4,0.5,244,0.039503549069774394,0.0022699811589329605,,,979,9.579056168033986,0.9467213114754098,0.2,15b4d4dab7c578d4,ok
f27f8d4d8b1d,sandbox_scanner_metadata,500,600,2,980,8,8,1.0,122,0.039503549069774394,0.0022699811589329605,,,979,9.579056168033986,0.9590163934426229,0.2,15b4d4dab7c578d4,ok
f27f8d4d8b1d,sandbox_scanner_metadata,500,600,2,980,16,4,0.25,242,0.039503549069774394,0.0022699811589329605,,,979,9.579056168033986,0.987603305785124,0.4,15b4d4dab7c578d4,ok
f27f8d4d8b1d,sandbox_scanner_metadata,500,600,2,980,16,8,0.5,121,0.039503549069774394,0.0022699811589329605,,,979,9.579056168033986,0.9917355371900827,0.4,15b4d4dab7c578d4,ok
f27f8d4d8b1d,sandbox_scanner_metadata,500,600,2,980,16,16,1.0,61,0.039503549069774394,0.0022699811589329605,,,979,9.579056168033986,1.0,0.4,15b4d4dab7c578d4,ok
f27f8d4d8b1d,sandbox_scanner_metadata,500,600,2,980,32,8,0.25,119,0.039503549069774394,0.0022699811589329605,,,979,9.579056168033986,1.0,0.8,15b4d4dab7c578d4,ok
f27f8d4d8b1d,sandbox_scanner_metadata,500,600,2,980,32,16,0.5,60,0.039503549069774394,0.0022699811589329605,,,979,9.579056168033986,1.0,0.8,15b4d4dab7c578d4,ok
f27f8d4d8b1d,sandbox_scanner_metadata,500,600,2,980,32,32,1.0,30,0.039503549069774394,0.0022699811589329605,,,979,9.579056168033986,1.0,0.8,15b4d4dab7c578d4,ok
f27f8d4d8b1d,sandbox_scanner_metadata,500,600,2,980,64,16,0.25,58,0.039503549069774394,0.0022699811589329605,,,979,9.579056168033986,1.0,1.6,15b4d4dab7c578d4,ok
f27f8d4d8b1d,sandbox_scanner_metadata,500,600,2,980,64,32,0.5,29,0.039503549069774394,0.0022699811589329605,,,979,9.579056168033986,1.0,1.6,15b4d4dab7c578d4,ok
f27f8d4d8b1d,sandbox_scanner_metadata,500,600,2,980,64,64,1.0,15,0.039503549069774394,0.0022699811589329605,,,979,9.579056168033986,1.0,1.6,15b4d4dab7c578d4,ok
f51bd27bfe10,mem_pagefault_density_v2,500,300,2,490,8,2,0.25,242,0.0049195659403898275,0.007821603471107682,1.5915219007100694,,179,13.242838266265963,0.9958677685950413,0.13333333333333333,0b601e4a99b0f781,ok
f51bd27bfe10,mem_pagefault_density_v2,500,300,2,490,8,4,0.5,121,0.0049195659403898275,0.007821603471107682,1.5915219007100694,,179,13.242838266265963,0.9917355371900827,0.13333333333333333,0b601e4a99b0f781,ok
f51bd27bfe10,mem_pagefault_density_v2,500,300,2,490,8,8,1.0,61,0.0049195659403898275,0.007821603471107682,1.5915219007100694,,179,13.242838266265963,0.9836065573770492,0.13333333333333333,0b601e4a99b0f781,ok
f51bd27bfe10,mem_pagefault_density_v2,500,300,2,490,16,4,0.25,119,0.0049195659403898275,0.007821603471107682,1.5915219007100694,,179,13.242838266265963,0.9915966386554622,0.26666666666666666,0b601e4a99b0f781,ok
f51bd27bfe10,mem_pagefault_density_v2,500,300,2,490,16,8,0.5,60,0.0049195659403898275,0.007821603471107682,1.5915219007100694,,179,13.242838266265963,0.9833333333333333,0.26666666666666666,0b601e4a99b0f781,ok
f51bd27bfe10,mem_pagefault_density_v2,500,300,2,490,16,16,1.0,30,0.0049195659403898275,0.007821603471107682,1.5915219007100694,,179,13.242838266265963,0.9666666666666667,0.26666666666666666,0b601e4a99b0f781,ok
f51bd27bfe10,mem_pagefault_density_v2,500,300,2,490,32,8,0.25,58,0.0049195659403898275,0.007821603471107682,1.5915219007100694,,179,13.242838266265963,1.0,0.5333333333333333,0b601e4a99b0f781,ok
f51bd27bfe10,mem_pagefault_density_v2,500,300,2,490,32,16,0.5,29,0.0049195659403898275,0.007821603471107682,1.5915219007100694,,179,13.242838266265963,1.0,0.5333333333333333,0b601e4a99b0f781,ok
f51bd27bfe10,mem_pagefault_density_v2,500,300,2,490,32,32,1.0,15,0.0049195659403898275,0.007821603471107682,1.5915219007100694,,179,13.242838266265963,1.0,0.5333333333333333,0b601e4a99b0f781,ok
f51bd27bfe10,mem_pagefault_density_v2,500,300,2,490,64,16,0.25,27,0.0049195659403898275,0.007821603471107682,1.5915219007100694,,179,13.242838266265963,1.0,1.0666666666666667,0b601e4a99b0f781,ok
f51bd27bfe10,mem_pagefault_density_v2,500,300,2,490,64,32,0.5,14,0.0049195659403898275,0.007821603471107682,1.5915219007100694,,179,13.242838266265963,1.0,1.0666666666666667,0b601e4a99b0f781,ok
f51bd27bfe10,mem_pagefault_density_v2,500,300,2,490,64,64,1.0,7,0.0049195659403898275,0.007821603471107682,1.5915219007100694,,179,13.242838266265963,1.0,1.0666666666666667,0b601e4a99b0f781,ok
f5b7f5db2851,mem_writemag_sweep_v2,500,120,2,196,8,2,0.25,95,0.25095141663843273,0.0023705221487099353,0.009470329634869934,,180,9.093135436771519,0.9894736842105263,0.13333333333333333,82f3bead2124fe66,ok
f5b7f5db2851,mem_writemag_sweep_v2,500,120,2,196,8,4,0.5,48,0.25095141663843273,0.0023705221487099353,0.009470329634869934,,180,9.093135436771519,0.9791666666666666,0.13333333333333333,82f3bead2124fe66,ok
f5b7f5db2851,mem_writemag_sweep_v2,500,120,2,196,8,8,1.0,24,0.25095141663843273,0.0023705221487099353,0.009470329634869934,,180,9.093135436771519,0.9583333333333334,0.13333333333333333,82f3bead2124fe66,ok
f5b7f5db2851,mem_writemag_sweep_v2,500,120,2,196,16,4,0.25,46,0.25095141663843273,0.0023705221487099353,0.009470329634869934,,180,9.093135436771519,1.0,0.26666666666666666,82f3bead2124fe66,ok
f5b7f5db2851,mem_writemag_sweep_v2,500,120,2,196,16,8,0.5,23,0.25095141663843273,0.0023705221487099353,0.009470329634869934,,180,9.093135436771519,1.0,0.26666666666666666,82f3bead2124fe66,ok
f5b7f5db2851,mem_writemag_sweep_v2,500,120,2,196,16,16,1.0,12,0.25095141663843273,0.0023705221487099353,0.009470329634869934,,180,9.093135436771519,1.0,0.26666666666666666,82f3bead2124fe66,ok
f5b7f5db2851,mem_writemag_sweep_v2,500,120,2,196,32,8,0.25,21,0.25095141663843273,0.0023705221487099353,0.009470329634869934,,180,9.093135436771519,1.0,0.5333333333333333,82f3bead2124fe66,ok
f5b7f5db2851,mem_writemag_sweep_v2,500,120,2,196,32,16,0.5,11,0.25095141663843273,0.0023705221487099353,0.009470329634869934,,180,9.093135436771519,1.0,0.5333333333333333,82f3bead2124fe66,ok
f5b7f5db2851,mem_writemag_sweep_v2,500,120,2,196,32,32,1.0,6,0.25095141663843273,0.0023705221487099353,0.009470329634869934,,180,9.093135436771519,1.0,0.5333333333333333,82f3bead2124fe66,ok
f5b7f5db2851,mem_writemag_sweep_v2,500,120,2,196,64,16,0.25,9,0.25095141663843273,0.0023705221487099353,0.009470329634869934,,180,9.093135436771519,1.0,1.0666666666666667,82f3bead2124fe66,ok
f5b7f5db2851,mem_writemag_sweep_v2,500,120,2,196,64,32,0.5,5,0.25095141663843273,0.0023705221487099353,0.009470329634869934,,180,9.093135436771519,1.0,1.0666666666666667,82f3bead2124fe66,ok
f5b7f5db2851,mem_writemag_sweep_v2,500,120,2,196,64,64,1.0,3,0.25095141663843273,0.0023705221487099353,0.009470329634869934,,180,9.093135436771519,1.0,1.0666666666666667,82f3bead2124fe66,ok
f61a51607ad6,mem_workingset_sweep_v2,500,120,1,196,8,2,0.25,95,0.2509113039289202,0.0019221272182052237,0.007680201795929553,,184,8.137001469983172,0.9894736842105263,0.13333333333333333,daba507d8f870e4e,ok
f61a51607ad6,mem_workingset_sweep_v2,500,120,1,196,8,4,0.5,48,0.2509113039289202,0.0019221272182052237,0.007680201795929553,,184,8.137001469983172,0.9791666666666666,0.13333333333333333,daba507d8f870e4e,ok
f61a51607ad6,mem_workingset_sweep_v2,500,120,1,196,8,8,1.0,24,0.2509113039289202,0.0019221272182052237,0.007680201795929553,,184,8.137001469983172,0.9583333333333334,0.13333333333333333,daba507d8f870e4e,ok
f61a51607ad6,mem_workingset_sweep_v2,500,120,1,196,16,4,0.25,46,0.2509113039289202,0.0019221272182052237,0.007680201795929553,,184,8.137001469983172,0.9782608695652174,0.26666666666666666,daba507d8f870e4e,ok
f61a51607ad6,mem_workingset_sweep_v2,500,120,1,196,16,8,0.5,23,0.2509113039289202,0.0019221272182052237,0.007680201795929553,,184,8.137001469983172,0.9565217391304348,0.26666666666666666,daba507d8f870e4e,ok
f61a51607ad6,mem_workingset_sweep_v2,500,120,1,196,16,16,1.0,12,0.2509113039289202,0.0019221272182052237,0.007680201795929553,,184,8.137001469983172,0.9166666666666666,0.26666666666666666,daba507d8f870e4e,ok
f61a51607ad6,mem_workingset_sweep_v2,500,120,1,196,32,8,0.25,21,0.2509113039289202,0.0019221272182052237,0.007680201795929553,,184,8.137001469983172,1.0,0.5333333333333333,daba507d8f870e4e,ok
f61a51607ad6,mem_workingset_sweep_v2,500,120,1,196,32,16,0.5,11,0.2509113039289202,0.0019221272182052237,0.007680201795929553,,184,8.137001469983172,1.0,0.5333333333333333,daba507d8f870e4e,ok
f61a51607ad6,mem_workingset_sweep_v2,500,120,1,196,32,32,1.0,6,0.2509113039289202,0.0019221272182052237,0.007680201795929553,,184,8.137001469983172,1.0,0.5333333333333333,daba507d8f870e4e,ok
f61a51607ad6,mem_workingset_sweep_v2,500,120,1,196,64,16,0.25,9,0.2509113039289202,0.0019221272182052237,0.007680201795929553,,184,8.137001469983172,1.0,1.0666666666666667,daba507d8f870e4e,ok
f61a51607ad6,mem_workingset_sweep_v2,500,120,1,196,64,32,0.5,5,0.2509113039289202,0.0019221272182052237,0.007680201795929553,,184,8.137001469983172,1.0,1.0666666666666667,daba507d8f870e4e,ok
f61a51607ad6,mem_workingset_sweep_v2,500,120,1,196,64,64,1.0,3,0.2509113039289202,0.0019221272182052237,0.007680201795929553,,184,8.137001469983172,1.0,1.0666666666666667,daba507d8f870e4e,ok
f81d33439fde,mem_pagefault_density_v2,500,120,2,195,8,2,0.25,94,0.005617249317658253,0.012921103142809046,2.306175392616657,,180,7.210943842730097,0.9893617021276596,0.13333333333333333,d99bbd25d4f4db62,ok
f81d33439fde,mem_pagefault_density_v2,500,120,2,195,8,4,0.5,47,0.005617249317658253,0.012921103142809046,2.306175392616657,,180,7.210943842730097,0.9787234042553191,0.13333333333333333,d99bbd25d4f4db62,ok
f81d33439fde,mem_pagefault_density_v2,500,120,2,195,8,8,1.0,24,0.005617249317658253,0.012921103142809046,2.306175392616657,,180,7.210943842730097,0.9583333333333334,0.13333333333333333,d99bbd25d4f4db62,ok
f81d33439fde,mem_pagefault_density_v2,500,120,2,195,16,4,0.25,45,0.005617249317658253,0.012921103142809046,2.306175392616657,,180,7.210943842730097,1.0,0.26666666666666666,d99bbd25d4f4db62,ok
f81d33439fde,mem_pagefault_density_v2,500,120,2,195,16,8,0.5,23,0.005617249317658253,0.012921103142809046,2.306175392616657,,180,7.210943842730097,1.0,0.26666666666666666,d99bbd25d4f4db62,ok
f81d33439fde,mem_pagefault_density_v2,500,120,2,195,16,16,1.0,12,0.005617249317658253,0.012921103142809046,2.306175392616657,,180,7.210943842730097,1.0,0.26666666666666666,d99bbd25d4f4db62,ok
f81d33439fde,mem_pagefault_density_v2,500,120,2,195,32,8,0.25,21,0.005617249317658253,0.012921103142809046,2.306175392616657,,180,7.210943842730097,1.0,0.5333333333333333,d99bbd25d4f4db62,ok
f81d33439fde,mem_pagefault_density_v2,500,120,2,195,32,16,0.5,11,0.005617249317658253,0.012921103142809046,2.306175392616657,,180,7.210943842730097,1.0,0.5333333333333333,d99bbd25d4f4db62,ok
f81d33439fde,mem_pagefault_density_v2,500,120,2,195,32,32,1.0,6,0.005617249317658253,0.012921103142809046,2.306175392616657,,180,7.210943842730097,1.0,0.5333333333333333,d99bbd25d4f4db62,ok
f81d33439fde,mem_pagefault_density_v2,500,120,2,195,64,16,0.25,9,0.005617249317658253,0.012921103142809046,2.306175392616657,,180,7.210943842730097,1.0,1.0666666666666667,d99bbd25d4f4db62,ok
f81d33439fde,mem_pagefault_density_v2,500,120,2,195,64,32,0.5,5,0.005617249317658253,0.012921103142809046,2.306175392616657,,180,7.210943842730097,1.0,1.0666666666666667,d99bbd25d4f4db62,ok
f81d33439fde,mem_pagefault_density_v2,500,120,2,195,64,64,1.0,3,0.005617249317658253,0.012921103142809046,2.306175392616657,,180,7.210943842730097,1.0,1.0666666666666667,d99bbd25d4f4db62,ok
f82b9358a817,mem_workingset_sweep_v2,500,600,1,978,8,2,0.25,486,0.2505475299733792,0.0009944746426137827,0.003971236338133481,,950,14.241198305117491,0.9711934156378601,0.13333333333333333,f3f86364122ea163,ok
f82b9358a817,mem_workingset_sweep_v2,500,600,1,978,8,4,0.5,243,0.2505475299733792,0.0009944746426137827,0.003971236338133481,,950,14.241198305117491,0.9670781893004116,0.13333333333333333,f3f86364122ea163,ok
f82b9358a817,mem_workingset_sweep_v2,500,600,1,978,8,8,1.0,122,0.2505475299733792,0.0009944746426137827,0.003971236338133481,,950,14.241198305117491,0.9590163934426229,0.13333333333333333,f3f86364122ea163,ok
f82b9358a817,mem_workingset_sweep_v2,500,600,1,978,16,4,0.25,241,0.2505475299733792,0.0009944746426137827,0.003971236338133481,,950,14.241198305117491,0.975103734439834,0.26666666666666666,f3f86364122ea163,ok
f82b9358a817,mem_workingset_sweep_v2,500,600,1,978,16,8,0.5,121,0.2505475299733792,0.0009944746426137827,0.003971236338133481,,950,14.241198305117491,0.9752066115702479,0.26666666666666666,f3f86364122ea163,ok
f82b9358a817,mem_workingset_sweep_v2,500,600,1,978,16,16,1.0,61,0.2505475299733792,0.0009944746426137827,0.003971236338133481,,950,14.241198305117491,0.9672131147540983,0.26666666666666666,f3f86364122ea163,ok
f82b9358a817,mem_workingset_sweep_v2,500,600,1,978,32,8,0.25,119,0.2505475299733792,0.0009944746426137827,0.003971236338133481,,950,14.241198305117491,0.9663865546218487,0.5333333333333333,f3f86364122ea163,ok
f82b9358a817,mem_workingset_sweep_v2,500,600,1,978,32,16,0.5,60,0.2505475299733792,0.0009944746426137827,0.003971236338133481,,950,14.241198305117491,0.9666666666666667,0.5333333333333333,f3f86364122ea163,ok
f82b9358a817,mem_workingset_sweep_v2,500,600,1,978,32,32,1.0,30,0.2505475299733792,0.0009944746426137827,0.003971236338133481,,950,14.241198305117491,0.9666666666666667,0.5333333333333333,f3f86364122ea163,ok
f82b9358a817,mem_workingset_sweep_v2,500,600,1,978,64,16,0.25,58,0.2505475299733792,0.0009944746426137827,0.003971236338133481,,950,14.241198305117491,0.9827586206896551,1.0666666666666667,f3f86364122ea163,ok
f82b9358a817,mem_workingset_sweep_v2,500,600,1,978,64,32,0.5,29,0.2505475299733792,0.0009944746426137827,0.003971236338133481,,950,14.241198305117491,0.9655172413793104,1.0666666666666667,f3f86364122ea163,ok
f82b9358a817,mem_workingset_sweep_v2,500,600,1,978,64,64,1.0,15,0.2505475299733792,0.0009944746426137827,0.003971236338133481,,950,14.241198305117491,0.9333333333333333,1.0666666666666667,f3f86364122ea163,ok
fa79c3b81243,mem_mmap_traversal_v2,500,120,1,147,8,2,0.25,70,0.20283420069688032,0.061729968662705165,0.3053775531612986,,145,6.171213286185441,1.0,0.13333333333333333,8bf48c6db8c51f5e,ok
fa79c3b81243,mem_mmap_traversal_v2,500,120,1,147,8,4,0.5,35,0.20283420069688032,0.061729968662705165,0.3053775531612986,,145,6.171213286185441,1.0,0.13333333333333333,8bf48c6db8c51f5e,ok
fa79c3b81243,mem_mmap_traversal_v2,500,120,1,147,8,8,1.0,18,0.20283420069688032,0.061729968662705165,0.3053775531612986,,145,6.171213286185441,1.0,0.13333333333333333,8bf48c6db8c51f5e,ok
fa79c3b81243,mem_mmap_traversal_v2,500,120,1,147,16,4,0.25,33,0.20283420069688032,0.061729968662705165,0.3053775531612986,,145,6.171213286185441,1.0,0.26666666666666666,8bf48c6db8c51f5e,ok
fa79c3b81243,mem_mmap_traversal_v2,500,120,1,147,16,8,0.5,17,0.20283420069688032,0.061729968662705165,0.3053775531612986,,145,6.171213286185441,1.0,0.26666666666666666,8bf48c6db8c51f5e,ok
fa79c3b81243,mem_mmap_traversal_v2,500,120,1,147,16,16,1.0,9,0.20283420069688032,0.061729968662705165,0.3053775531612986,,145,6.171213286185441,1.0,0.26666666666666666,8bf48c6db8c51f5e,ok
fa79c3b81243,mem_mmap_traversal_v2,500,120,1,147,32,8,0.25,15,0.20283420069688032,0.061729968662705165,0.3053775531612986,,145,6.171213286185441,1.0,0.5333333333333333,8bf48c6db8c51f5e,ok
fa79c3b81243,mem_mmap_traversal_v2,500,120,1,147,32,16,0.5,8,0.20283420069688032,0.061729968662705165,0.3053775531612986,,145,6.171213286185441,1.0,0.5333333333333333,8bf48c6db8c51f5e,ok
fa79c3b81243,mem_mmap_traversal_v2,500,120,1,147,32,32,1.0,4,0.20283420069688032,0.061729968662705165,0.3053775531612986,,145,6.171213286185441,1.0,0.5333333333333333,8bf48c6db8c51f5e,ok
fa79c3b81243,mem_mmap_traversal_v2,500,120,1,147,64,16,0.25,6,0.20283420069688032,0.061729968662705165,0.3053775531612986,,145,6.171213286185441,1.0,1.0666666666666667,8bf48c6db8c51f5e,ok
fa79c3b81243,mem_mmap_traversal_v2,500,120,1,147,64,32,0.5,3,0.20283420069688032,0.061729968662705165,0.3053775531612986,,145,6.171213286185441,1.0,1.0666666666666667,8bf48c6db8c51f5e,ok
fa79c3b81243,mem_mmap_traversal_v2,500,120,1,147,64,64,1.0,2,0.20283420069688032,0.061729968662705165,0.3053775531612986,,145,6.171213286185441,1.0,1.0666666666666667,8bf48c6db8c51f5e,ok
